project_id,project_title,folder_key,file_name,mime_type,size_bytes,url,uploaded_at
148480,Greenz,amenities,13.jpg,image/jpeg,3879587,https://danubeproperties.com/marketing-collateral/greenz/amenities/13.jpg,2026-04-01 09:43:45
148480,Greenz,amenities,Greenz_Amenities_11.jpg,image/jpeg,4656240,https://danubeproperties.com/marketing-collateral/greenz/amenities/Greenz_Amenities_11.jpg,2026-04-01 09:43:45
148480,Greenz,amenities,Greenz_Amenities_13.jpg,image/jpeg,3879587,https://danubeproperties.com/marketing-collateral/greenz/amenities/Greenz_Amenities_13.jpg,2026-04-01 09:43:45
148480,Greenz,amenities,Greenz_Amenities_15.jpg,image/jpeg,4574099,https://danubeproperties.com/marketing-collateral/greenz/amenities/Greenz_Amenities_15.jpg,2026-04-01 09:43:45
148480,Greenz,amenities,Greenz_Amenities_16.jpg,image/jpeg,4320862,https://danubeproperties.com/marketing-collateral/greenz/amenities/Greenz_Amenities_16.jpg,2026-04-01 09:43:45
148480,Greenz,amenities,Greenz_Amenities_17.png,image/png,37182577,https://danubeproperties.com/marketing-collateral/greenz/amenities/Greenz_Amenities_17.png,2026-04-01 09:43:45
148480,Greenz,amenities,Greenz_Amenities_18.jpg,image/jpeg,2785404,https://danubeproperties.com/marketing-collateral/greenz/amenities/Greenz_Amenities_18.jpg,2026-04-01 09:43:45
148480,Greenz,amenities,Greenz_Amenities_19.jpg,image/jpeg,3062758,https://danubeproperties.com/marketing-collateral/greenz/amenities/Greenz_Amenities_19.jpg,2026-04-01 09:43:45
148480,Greenz,amenities,Greenz_Amenities_20.jpg,image/jpeg,2762200,https://danubeproperties.com/marketing-collateral/greenz/amenities/Greenz_Amenities_20.jpg,2026-04-01 09:43:45
148480,Greenz,amenities,Greenz_Amenities_22.png,image/png,35967924,https://danubeproperties.com/marketing-collateral/greenz/amenities/Greenz_Amenities_22.png,2026-04-01 09:43:45
148480,Greenz,interiors,Greenz_1Bed_ 1.png,image/png,50246581,https://danubeproperties.com/marketing-collateral/greenz/interiors/Greenz_1Bed_%201.png,2026-04-01 09:43:45
148480,Greenz,interiors,Greenz_1Bed_ 2.png,image/png,31438246,https://danubeproperties.com/marketing-collateral/greenz/interiors/Greenz_1Bed_%202.png,2026-04-01 09:43:45
148480,Greenz,interiors,Greenz_2Bed1.png,image/png,46319423,https://danubeproperties.com/marketing-collateral/greenz/interiors/Greenz_2Bed1.png,2026-04-01 09:43:45
148480,Greenz,interiors,Greenz_2Bed2.jpg,image/jpeg,6073210,https://danubeproperties.com/marketing-collateral/greenz/interiors/Greenz_2Bed2.jpg,2026-04-01 09:43:45
148480,Greenz,interiors,Greenz_2Bed3.jpg,image/jpeg,9061796,https://danubeproperties.com/marketing-collateral/greenz/interiors/Greenz_2Bed3.jpg,2026-04-01 09:43:45
148480,Greenz,interiors,Greenz_2Bed4.jpg,image/jpeg,10242353,https://danubeproperties.com/marketing-collateral/greenz/interiors/Greenz_2Bed4.jpg,2026-04-01 09:43:45
148480,Greenz,interiors,Greenz_3Bed_1.png,image/png,72098911,https://danubeproperties.com/marketing-collateral/greenz/interiors/Greenz_3Bed_1.png,2026-04-01 09:43:45
148480,Greenz,interiors,Greenz_3Bed_2.png,image/png,19258689,https://danubeproperties.com/marketing-collateral/greenz/interiors/Greenz_3Bed_2.png,2026-04-01 09:43:45
148480,Greenz,interiors,Greenz_3Bed_37.jpg,image/jpeg,7431232,https://danubeproperties.com/marketing-collateral/greenz/interiors/Greenz_3Bed_37.jpg,2026-04-01 09:43:45
148480,Greenz,interiors,Greenz_Backyard_ 23.jpg,image/jpeg,6354594,https://danubeproperties.com/marketing-collateral/greenz/interiors/Greenz_Backyard_%2023.jpg,2026-04-01 09:43:45
148480,Greenz,interiors,Greenz_Backyard_ 28.jpg,image/jpeg,9843376,https://danubeproperties.com/marketing-collateral/greenz/interiors/Greenz_Backyard_%2028.jpg,2026-04-01 09:43:45
148480,Greenz,interiors,Greenz_Backyard_ 36.jpg,image/jpeg,10786625,https://danubeproperties.com/marketing-collateral/greenz/interiors/Greenz_Backyard_%2036.jpg,2026-04-01 09:43:45
148480,Greenz,interiors,Greenz_Backyard_ 43.jpg,image/jpeg,14029005,https://danubeproperties.com/marketing-collateral/greenz/interiors/Greenz_Backyard_%2043.jpg,2026-04-01 09:43:45
148480,Greenz,interiors,Greenz_Kitchen_50.jpg,image/jpeg,8230110,https://danubeproperties.com/marketing-collateral/greenz/interiors/Greenz_Kitchen_50.jpg,2026-04-01 09:43:45
148480,Greenz,interiors,Greenz_Kitchen_52.jpg,image/jpeg,7674006,https://danubeproperties.com/marketing-collateral/greenz/interiors/Greenz_Kitchen_52.jpg,2026-04-01 09:43:45
148480,Greenz,interiors,Greenz_Kitchen_53.jpg,image/jpeg,8531210,https://danubeproperties.com/marketing-collateral/greenz/interiors/Greenz_Kitchen_53.jpg,2026-04-01 09:43:45
148480,Greenz,interiors,Greenz_Living_Scene 10_3.png,image/png,63283852,https://danubeproperties.com/marketing-collateral/greenz/interiors/Greenz_Living_Scene%2010_3.png,2026-04-01 09:43:45
148480,Greenz,interiors,Greenz_Living_Scene 17.png,image/png,66406521,https://danubeproperties.com/marketing-collateral/greenz/interiors/Greenz_Living_Scene%2017.png,2026-04-01 09:43:45
148480,Greenz,interiors,Greenz_Living_Scene 32_2.png,image/png,57118660,https://danubeproperties.com/marketing-collateral/greenz/interiors/Greenz_Living_Scene%2032_2.png,2026-04-01 09:43:45
148480,Greenz,interiors,Greenz_Living_Scene 37_2.png,image/png,59898952,https://danubeproperties.com/marketing-collateral/greenz/interiors/Greenz_Living_Scene%2037_2.png,2026-04-01 09:43:45
148480,Greenz,interiors,Greenz_Living_Scene 38_1.png,image/png,59038545,https://danubeproperties.com/marketing-collateral/greenz/interiors/Greenz_Living_Scene%2038_1.png,2026-04-01 09:43:45
148480,Greenz,interiors,Greenz_Living_Scene 3_2.png,image/png,62177124,https://danubeproperties.com/marketing-collateral/greenz/interiors/Greenz_Living_Scene%203_2.png,2026-04-01 09:43:45
148480,Greenz,interiors,Greenz_Living_Scene 40_1.png,image/png,58948245,https://danubeproperties.com/marketing-collateral/greenz/interiors/Greenz_Living_Scene%2040_1.png,2026-04-01 09:43:45
148480,Greenz,interiors,Greenz_Living_elevator.jpg,image/jpeg,10974519,https://danubeproperties.com/marketing-collateral/greenz/interiors/Greenz_Living_elevator.jpg,2026-04-01 09:43:45
148480,Greenz,interiors,Greenz_Maidroom_2.png,image/png,32048553,https://danubeproperties.com/marketing-collateral/greenz/interiors/Greenz_Maidroom_2.png,2026-04-01 09:43:45
148480,Greenz,interiors,Greenz_enhanced_add_sky_garden.jpg,image/jpeg,22143989,https://danubeproperties.com/marketing-collateral/greenz/interiors/Greenz_enhanced_add_sky_garden.jpg,2026-04-01 09:43:45
148480,Greenz,interiors,Greenz_enhanced_masterplan.jpg,image/jpeg,22430532,https://danubeproperties.com/marketing-collateral/greenz/interiors/Greenz_enhanced_masterplan.jpg,2026-04-01 09:43:45
148480,Greenz,interiors,Greenz_enhanced_rooftop_terrace.jpg,image/jpeg,26620810,https://danubeproperties.com/marketing-collateral/greenz/interiors/Greenz_enhanced_rooftop_terrace.jpg,2026-04-01 09:43:45
148480,Greenz,interiors,Greenz_powder room-01.jpg,image/jpeg,9287188,https://danubeproperties.com/marketing-collateral/greenz/interiors/Greenz_powder%20room-01.jpg,2026-04-01 09:43:45
148480,Greenz,interiors,Greenz_powder room-02.jpg,image/jpeg,9099866,https://danubeproperties.com/marketing-collateral/greenz/interiors/Greenz_powder%20room-02.jpg,2026-04-01 09:43:45
148480,Greenz,interiors,greenz_mocha_collection_furniture.jpg,image/jpeg,69626,https://danubeproperties.com/marketing-collateral/greenz/interiors/greenz_mocha_collection_furniture.jpg,2026-06-05 12:42:37
148480,Greenz,interiors,greenz_mocha_collection_furniture1.jpeg,image/jpeg,77305,https://danubeproperties.com/marketing-collateral/greenz/interiors/greenz_mocha_collection_furniture1.jpeg,2026-06-05 12:42:39
148480,Greenz,exteriors,Greenz_Exterior_17_Twin Villa.png,image/png,75742502,https://danubeproperties.com/marketing-collateral/greenz/exteriors/Greenz_Exterior_17_Twin%20Villa.png,2026-04-01 09:43:45
148480,Greenz,exteriors,Greenz_Exterior_18_Street View 3.png,image/png,83177386,https://danubeproperties.com/marketing-collateral/greenz/exteriors/Greenz_Exterior_18_Street%20View%203.png,2026-04-01 09:43:45
148480,Greenz,exteriors,Greenz_Exterior_19_Street View 1.png,image/png,22782882,https://danubeproperties.com/marketing-collateral/greenz/exteriors/Greenz_Exterior_19_Street%20View%201.png,2026-04-01 09:43:45
148480,Greenz,floor-plans,greenz_floor_plans_ver2_page-0002.jpg,image/jpeg,386306,https://danubeproperties.com/marketing-collateral/greenz/floor-plans/greenz_floor_plans_ver2_page-0002.jpg,2026-06-16 12:59:10
148480,Greenz,floor-plans,greenz_floor_plans_ver2_page-0003.jpg,image/jpeg,335945,https://danubeproperties.com/marketing-collateral/greenz/floor-plans/greenz_floor_plans_ver2_page-0003.jpg,2026-06-16 12:59:13
148480,Greenz,floor-plans,greenz_floor_plans_ver2_page-0004.jpg,image/jpeg,335121,https://danubeproperties.com/marketing-collateral/greenz/floor-plans/greenz_floor_plans_ver2_page-0004.jpg,2026-06-16 12:59:16
148480,Greenz,floor-plans,greenz_floor_plans_ver2_page-0005.jpg,image/jpeg,374732,https://danubeproperties.com/marketing-collateral/greenz/floor-plans/greenz_floor_plans_ver2_page-0005.jpg,2026-06-16 12:59:19
148480,Greenz,floor-plans,greenz_floor_plans_ver2_page-0006.jpg,image/jpeg,358838,https://danubeproperties.com/marketing-collateral/greenz/floor-plans/greenz_floor_plans_ver2_page-0006.jpg,2026-06-16 12:59:22
148480,Greenz,floor-plans,greenz_floor_plans_ver2_page-0007.jpg,image/jpeg,374014,https://danubeproperties.com/marketing-collateral/greenz/floor-plans/greenz_floor_plans_ver2_page-0007.jpg,2026-06-16 12:59:24
148480,Greenz,floor-plans,greenz_floor_plans_ver2_page-0008.jpg,image/jpeg,347051,https://danubeproperties.com/marketing-collateral/greenz/floor-plans/greenz_floor_plans_ver2_page-0008.jpg,2026-06-16 12:59:27
148480,Greenz,floor-plans,greenz_floor_plans_ver2_page-0009.jpg,image/jpeg,378221,https://danubeproperties.com/marketing-collateral/greenz/floor-plans/greenz_floor_plans_ver2_page-0009.jpg,2026-06-16 12:59:30
148480,Greenz,floor-plans,greenz_floor_plans_ver2_page-0010.jpg,image/jpeg,358361,https://danubeproperties.com/marketing-collateral/greenz/floor-plans/greenz_floor_plans_ver2_page-0010.jpg,2026-06-16 12:59:33
148480,Greenz,floor-plans,greenz_floor_plans_ver2_page-0011.jpg,image/jpeg,336580,https://danubeproperties.com/marketing-collateral/greenz/floor-plans/greenz_floor_plans_ver2_page-0011.jpg,2026-06-16 12:59:35
148480,Greenz,floor-plans,greenz_floor_plans_ver2_page-0013.jpg,image/jpeg,318687,https://danubeproperties.com/marketing-collateral/greenz/floor-plans/greenz_floor_plans_ver2_page-0013.jpg,2026-06-16 12:59:37
148480,Greenz,floor-plans,greenz_floor_plans_ver2_page-0014.jpg,image/jpeg,349922,https://danubeproperties.com/marketing-collateral/greenz/floor-plans/greenz_floor_plans_ver2_page-0014.jpg,2026-06-16 12:59:40
148480,Greenz,floor-plans,greenz_floor_plans_ver2_page-0015.jpg,image/jpeg,322597,https://danubeproperties.com/marketing-collateral/greenz/floor-plans/greenz_floor_plans_ver2_page-0015.jpg,2026-06-16 12:59:43
148480,Greenz,floor-plans,greenz_floor_plans_ver2_page-0016.jpg,image/jpeg,350866,https://danubeproperties.com/marketing-collateral/greenz/floor-plans/greenz_floor_plans_ver2_page-0016.jpg,2026-06-16 12:59:46
148480,Greenz,floor-plans,greenz_floor_plans_ver2_page-0017.jpg,image/jpeg,325922,https://danubeproperties.com/marketing-collateral/greenz/floor-plans/greenz_floor_plans_ver2_page-0017.jpg,2026-06-16 12:59:49
148480,Greenz,floor-plans,greenz_floor_plans_ver2_page-0018.jpg,image/jpeg,430440,https://danubeproperties.com/marketing-collateral/greenz/floor-plans/greenz_floor_plans_ver2_page-0018.jpg,2026-06-16 12:59:52
148480,Greenz,floor-plans,greenz_floor_plans_ver2_page-0019.jpg,image/jpeg,648305,https://danubeproperties.com/marketing-collateral/greenz/floor-plans/greenz_floor_plans_ver2_page-0019.jpg,2026-06-16 12:59:55
148480,Greenz,floor-plans,greenz_floor_plans_ver2_page-0020.jpg,image/jpeg,695106,https://danubeproperties.com/marketing-collateral/greenz/floor-plans/greenz_floor_plans_ver2_page-0020.jpg,2026-06-16 12:59:58
148480,Greenz,social-media,mr-adil-about-greenz.mp4,video/mp4,49627280,https://danubeproperties.com/marketing-collateral/greenz/social-media/mr-adil-about-greenz.mp4,2026-04-01 09:43:45
148480,Greenz,social-media,greenz_social_media.mp4,video/mp4,4285676,https://danubeproperties.com/marketing-collateral/greenz/social-media/greenz_social_media.mp4,2026-06-05 06:42:03
148480,Greenz,social-media,greenz_newyear_2.jpeg,image/jpeg,251273,https://danubeproperties.com/marketing-collateral/greenz/social-media/greenz_newyear_2.jpeg,2026-06-17 09:34:40
148480,Greenz,social-media,greenz_newyear.jpeg,image/jpeg,704455,https://danubeproperties.com/marketing-collateral/greenz/social-media/greenz_newyear.jpeg,2026-06-17 09:34:44
148480,Greenz,walkthrough,greenz-interior-wt-v2.mp4,video/mp4,335361124,https://danubeproperties.com/marketing-collateral/greenz/walkthrough/greenz-interior-wt-v2.mp4,2026-04-09 12:45:33
148480,Greenz,brochures,greenz.pdf,application/pdf,8092965,https://danubeproperties.com/marketing-collateral/greenz/brochures/greenz.pdf,2026-04-13 08:34:07
148480,Greenz,brochures,greenz_brochure_ar.pdf,application/pdf,14865462,https://danubeproperties.com/marketing-collateral/greenz/brochures/greenz_brochure_ar.pdf,2026-04-23 06:33:52
148480,Greenz,brochures,greenz-brochure_ru.pdf,application/pdf,20141525,https://danubeproperties.com/marketing-collateral/greenz/brochures/greenz-brochure_ru.pdf,2026-06-16 13:03:31
148480,Greenz,brochures,greenz-brochure-chinese.pdf,application/pdf,20677575,https://danubeproperties.com/marketing-collateral/greenz/brochures/greenz-brochure-chinese.pdf,2026-06-16 13:03:43
148480,Greenz,videos,adel-greenz-show-villa-final.mp4,video/mp4,189630811,https://danubeproperties.com/marketing-collateral/greenz/videos/adel-greenz-show-villa-final.mp4,2026-04-24 12:09:16
148480,Greenz,videos,show-villa.mp4,video/mp4,6012820,https://danubeproperties.com/marketing-collateral/greenz/videos/show-villa.mp4,2026-04-27 06:04:48
148480,Greenz,videos,greenz_walkthrough.mp4,video/mp4,6217569,https://danubeproperties.com/marketing-collateral/greenz/videos/greenz_walkthrough.mp4,2026-06-09 12:59:51
148480,Greenz,videos,greenz_twin_villa_backyard.mp4,video/mp4,5707079,https://danubeproperties.com/marketing-collateral/greenz/videos/greenz_twin_villa_backyard.mp4,2026-06-16 06:06:49
148480,Greenz,other,faq_greenz_apr_30_2.pdf,application/pdf,3256532,https://danubeproperties.com/marketing-collateral/greenz/other/faq_greenz_apr_30_2.pdf,2026-05-01 07:29:28
148480,Greenz,other,greenz_intro_to_twin_garden_villa.jpeg,image/jpeg,195999,https://danubeproperties.com/marketing-collateral/greenz/other/greenz_intro_to_twin_garden_villa.jpeg,2026-06-16 06:08:08
148480,Greenz,other,greenz_pricing_20260610.pdf,application/pdf,77973589,https://danubeproperties.com/marketing-collateral/greenz/other/greenz_pricing_20260610.pdf,2026-06-16 07:45:06
139525,Breez,amenities,BREEZ - Amenities.jpg,image/jpeg,15063602,https://danubeproperties.com/marketing-collateral/breez/amenities/BREEZ%20-%20Amenities.jpg,2026-04-01 09:58:15
139525,Breez,amenities,Cinema.jpg,image/jpeg,28325680,https://danubeproperties.com/marketing-collateral/breez/amenities/Cinema.jpg,2026-04-01 09:58:15
139525,Breez,amenities,Club.jpeg,image/jpeg,15498458,https://danubeproperties.com/marketing-collateral/breez/amenities/Club.jpeg,2026-04-01 09:58:15
139525,Breez,amenities,Gym.jpg,image/jpeg,29577774,https://danubeproperties.com/marketing-collateral/breez/amenities/Gym.jpg,2026-04-01 09:58:15
139525,Breez,amenities,Hammock BBQ.jpg,image/jpeg,11195335,https://danubeproperties.com/marketing-collateral/breez/amenities/Hammock%20BBQ.jpg,2026-04-01 09:58:15
139525,Breez,amenities,Kids Daycare.jpg,image/jpeg,15845966,https://danubeproperties.com/marketing-collateral/breez/amenities/Kids%20Daycare.jpg,2026-04-01 09:58:15
139525,Breez,amenities,Kids Splash Pool.jpg,image/jpeg,10284248,https://danubeproperties.com/marketing-collateral/breez/amenities/Kids%20Splash%20Pool.jpg,2026-04-01 09:58:15
139525,Breez,amenities,Pool.jpg,image/jpeg,42422094,https://danubeproperties.com/marketing-collateral/breez/amenities/Pool.jpg,2026-04-01 09:58:15
139525,Breez,amenities,Spa.jpg,image/jpeg,60721867,https://danubeproperties.com/marketing-collateral/breez/amenities/Spa.jpg,2026-04-01 09:58:15
139525,Breez,amenities,View Deck.jpg,image/jpeg,11696861,https://danubeproperties.com/marketing-collateral/breez/amenities/View%20Deck.jpg,2026-04-01 09:58:15
139525,Breez,amenities,swing.jpg,image/jpeg,6963965,https://danubeproperties.com/marketing-collateral/breez/amenities/swing.jpg,2026-04-01 09:58:15
139525,Breez,exteriors,BREEZ-60.jpg,image/jpeg,17034947,https://danubeproperties.com/marketing-collateral/breez/exteriors/BREEZ-60.jpg,2026-04-01 09:58:15
139525,Breez,exteriors,Building Balcony.tif,image/tiff,72669276,https://danubeproperties.com/marketing-collateral/breez/exteriors/Building%20Balcony.tif,2026-04-01 09:58:15
139525,Breez,exteriors,Entrance.jpg,image/jpeg,14290989,https://danubeproperties.com/marketing-collateral/breez/exteriors/Entrance.jpg,2026-04-01 09:58:15
139525,Breez,exteriors,Exterior 01.jpg,image/jpeg,27234864,https://danubeproperties.com/marketing-collateral/breez/exteriors/Exterior%2001.jpg,2026-04-01 09:58:15
139525,Breez,exteriors,Exterior 02.jpg,image/jpeg,11502428,https://danubeproperties.com/marketing-collateral/breez/exteriors/Exterior%2002.jpg,2026-04-01 09:58:15
139525,Breez,exteriors,Exterior Night View.jpg,image/jpeg,31739214,https://danubeproperties.com/marketing-collateral/breez/exteriors/Exterior%20Night%20View.jpg,2026-04-01 09:58:15
139525,Breez,exteriors,Master Exterior.jpg,image/jpeg,124086401,https://danubeproperties.com/marketing-collateral/breez/exteriors/Master%20Exterior.jpg,2026-04-01 09:58:15
139525,Breez,exteriors,exterior-03.jpg,image/jpeg,7167576,https://danubeproperties.com/marketing-collateral/breez/exteriors/exterior-03.jpg,2026-04-01 09:58:15
139525,Breez,interiors,Bathroom.jpg,image/jpeg,13946057,https://danubeproperties.com/marketing-collateral/breez/interiors/Bathroom.jpg,2026-04-01 09:58:15
139525,Breez,interiors,Bedroom.jpg,image/jpeg,14426518,https://danubeproperties.com/marketing-collateral/breez/interiors/Bedroom.jpg,2026-04-01 09:58:15
139525,Breez,interiors,Entrance.jpg,image/jpeg,9792018,https://danubeproperties.com/marketing-collateral/breez/interiors/Entrance.jpg,2026-04-01 09:58:15
139525,Breez,interiors,Kitchen.jpg,image/jpeg,72765654,https://danubeproperties.com/marketing-collateral/breez/interiors/Kitchen.jpg,2026-04-01 09:58:15
139525,Breez,interiors,Lift Lobby.jpg,image/jpeg,48331218,https://danubeproperties.com/marketing-collateral/breez/interiors/Lift%20Lobby.jpg,2026-04-01 09:58:15
139525,Breez,interiors,Living 01.jpg,image/jpeg,16447318,https://danubeproperties.com/marketing-collateral/breez/interiors/Living%2001.jpg,2026-04-01 09:58:15
139525,Breez,interiors,Living 02.jpg,image/jpeg,66517464,https://danubeproperties.com/marketing-collateral/breez/interiors/Living%2002.jpg,2026-04-01 09:58:15
139525,Breez,interiors,Lobby 01.jpg,image/jpeg,24943714,https://danubeproperties.com/marketing-collateral/breez/interiors/Lobby%2001.jpg,2026-04-01 09:58:15
139525,Breez,interiors,Lobby 02.jpg,image/jpeg,48645579,https://danubeproperties.com/marketing-collateral/breez/interiors/Lobby%2002.jpg,2026-04-01 09:58:15
139525,Breez,interiors,Studio.jpg,image/jpeg,9465647,https://danubeproperties.com/marketing-collateral/breez/interiors/Studio.jpg,2026-04-01 09:58:15
139525,Breez,brochures,breez_brochure_en.pdf,application/pdf,17513006,https://danubeproperties.com/marketing-collateral/breez/brochures/breez_brochure_en.pdf,2026-04-01 09:58:15
139525,Breez,brochures,Breez_brochure_AR.pdf,application/pdf,12320367,https://danubeproperties.com/marketing-collateral/breez/brochures/Breez_brochure_AR.pdf,2026-04-29 08:54:04
139525,Breez,floor-plans,breez_floor_plans.pdf,application/pdf,6002503,https://danubeproperties.com/marketing-collateral/breez/floor-plans/breez_floor_plans.pdf,2026-04-01 09:58:15
139525,Breez,floor-plans,Breez_Villas_floor_plans_spread.pdf,application/pdf,10723688,https://danubeproperties.com/marketing-collateral/breez/floor-plans/Breez_Villas_floor_plans_spread.pdf,2026-06-01 06:46:03
139525,Breez,floor-plans,Breez_floor_plan_Retail.pdf,application/pdf,519869,https://danubeproperties.com/marketing-collateral/breez/floor-plans/Breez_floor_plan_Retail.pdf,2026-06-01 06:46:03
139525,Breez,floor-plans,Breez_floor_plans_22nd-to-25th-floor-1.pdf,application/pdf,6938841,https://danubeproperties.com/marketing-collateral/breez/floor-plans/Breez_floor_plans_22nd-to-25th-floor-1.pdf,2026-06-01 06:46:03
139525,Breez,videos,breeze_studio.mp4,video/mp4,9550908,https://danubeproperties.com/marketing-collateral/breez/videos/breeze_studio.mp4,2026-04-15 07:36:16
139525,Breez,videos,breeze_studio1.mp4,video/mp4,12609197,https://danubeproperties.com/marketing-collateral/breez/videos/breeze_studio1.mp4,2026-04-15 07:36:26
139525,Breez,videos,breez_plot_video.mp4,video/mp4,26579933,https://danubeproperties.com/marketing-collateral/breez/videos/breez_plot_video.mp4,2026-06-04 14:56:37
144196,Shahrukhz,amenities,05_EXT_SkyPool.png,image/png,32800231,https://danubeproperties.com/marketing-collateral/shahrukhz/amenities/05_EXT_SkyPool.png,2026-04-01 09:58:00
144196,Shahrukhz,amenities,16_INT_ClubHouse.png,image/png,27744157,https://danubeproperties.com/marketing-collateral/shahrukhz/amenities/16_INT_ClubHouse.png,2026-04-01 09:58:00
144196,Shahrukhz,amenities,17_INT_Lounge 26.jpg,image/jpeg,14452901,https://danubeproperties.com/marketing-collateral/shahrukhz/amenities/17_INT_Lounge%2026.jpg,2026-04-01 09:58:00
144196,Shahrukhz,amenities,27_AMN_Tranquility Garden.jpg,image/jpeg,5660070,https://danubeproperties.com/marketing-collateral/shahrukhz/amenities/27_AMN_Tranquility%20Garden.jpg,2026-04-01 09:58:00
144196,Shahrukhz,amenities,28_AMN_Tranquility Garden.jpg,image/jpeg,26485082,https://danubeproperties.com/marketing-collateral/shahrukhz/amenities/28_AMN_Tranquility%20Garden.jpg,2026-04-01 09:58:00
144196,Shahrukhz,amenities,29_AMN_Tranquility Garden.jpg,image/jpeg,4821165,https://danubeproperties.com/marketing-collateral/shahrukhz/amenities/29_AMN_Tranquility%20Garden.jpg,2026-04-01 09:58:00
144196,Shahrukhz,amenities,30_AMN_Sports 1.png,image/png,101298157,https://danubeproperties.com/marketing-collateral/shahrukhz/amenities/30_AMN_Sports%201.png,2026-04-01 09:58:00
144196,Shahrukhz,amenities,32_amn_sports-3.jpeg,image/jpeg,3086210,https://danubeproperties.com/marketing-collateral/shahrukhz/amenities/32_amn_sports-3.jpeg,2026-04-01 09:58:00
144196,Shahrukhz,amenities,33_AMN_High Performance Gym.jpg,image/jpeg,12219395,https://danubeproperties.com/marketing-collateral/shahrukhz/amenities/33_AMN_High%20Performance%20Gym.jpg,2026-04-01 09:58:00
144196,Shahrukhz,amenities,34_AMN_Banquet Hall_Cinema.jpg,image/jpeg,9885410,https://danubeproperties.com/marketing-collateral/shahrukhz/amenities/34_AMN_Banquet%20Hall_Cinema.jpg,2026-04-01 09:58:00
144196,Shahrukhz,amenities,35_AMN_Banquet Hall_Cinema.jpg,image/jpeg,9059819,https://danubeproperties.com/marketing-collateral/shahrukhz/amenities/35_AMN_Banquet%20Hall_Cinema.jpg,2026-04-01 09:58:00
144196,Shahrukhz,amenities,Iconz_Lounge.jpg,image/jpeg,10752148,https://danubeproperties.com/marketing-collateral/shahrukhz/amenities/Iconz_Lounge.jpg,2026-04-01 09:58:00
144196,Shahrukhz,amenities,Iconz_Pool_Cam1C (1).jpg,image/jpeg,7168001,https://danubeproperties.com/marketing-collateral/shahrukhz/amenities/Iconz_Pool_Cam1C%20%281%29.jpg,2026-04-01 09:58:00
144196,Shahrukhz,exteriors,01_Aerial Hero_Sunset_10k_.png,image/png,104481697,https://danubeproperties.com/marketing-collateral/shahrukhz/exteriors/01_Aerial%20Hero_Sunset_10k_.png,2026-04-01 09:58:00
144196,Shahrukhz,exteriors,03_EXT_Helipad Crown.jpg,image/jpeg,30515003,https://danubeproperties.com/marketing-collateral/shahrukhz/exteriors/03_EXT_Helipad%20Crown.jpg,2026-04-01 09:58:00
144196,Shahrukhz,exteriors,04_EXT_Hanging.jpg,image/jpeg,42001137,https://danubeproperties.com/marketing-collateral/shahrukhz/exteriors/04_EXT_Hanging.jpg,2026-04-01 09:58:00
144196,Shahrukhz,exteriors,07_EXT_Balcony 2.png,image/png,35189082,https://danubeproperties.com/marketing-collateral/shahrukhz/exteriors/07_EXT_Balcony%202.png,2026-04-01 09:58:00
144196,Shahrukhz,exteriors,09_EXT_Bottom Up.jpg,image/jpeg,9588749,https://danubeproperties.com/marketing-collateral/shahrukhz/exteriors/09_EXT_Bottom%20Up.jpg,2026-04-01 09:58:00
144196,Shahrukhz,exteriors,10_Crown_Night.jpg,image/jpeg,35137485,https://danubeproperties.com/marketing-collateral/shahrukhz/exteriors/10_Crown_Night.jpg,2026-04-01 09:58:00
144196,Shahrukhz,exteriors,Shahrukhz Icon Style.png,image/png,12544050,https://danubeproperties.com/marketing-collateral/shahrukhz/exteriors/Shahrukhz%20Icon%20Style.png,2026-04-01 09:58:00
144196,Shahrukhz,exteriors,iconz_lounge_cam2.jpg,image/jpeg,6890862,https://danubeproperties.com/marketing-collateral/shahrukhz/exteriors/iconz_lounge_cam2.jpg,2026-04-01 09:58:00
144196,Shahrukhz,interiors,14_INT_Main Lobby_Ground floor.jpg,image/jpeg,10297977,https://danubeproperties.com/marketing-collateral/shahrukhz/interiors/14_INT_Main%20Lobby_Ground%20floor.jpg,2026-04-01 09:58:00
144196,Shahrukhz,interiors,18_INT_Sky Meeting Room.jpg,image/jpeg,12890660,https://danubeproperties.com/marketing-collateral/shahrukhz/interiors/18_INT_Sky%20Meeting%20Room.jpg,2026-04-01 09:58:00
144196,Shahrukhz,interiors,19_INT_Office_Small.tif,image/tiff,82514588,https://danubeproperties.com/marketing-collateral/shahrukhz/interiors/19_INT_Office_Small.tif,2026-04-01 09:58:00
144196,Shahrukhz,interiors,21_INT_Office_Large 2.jpg,image/jpeg,26187421,https://danubeproperties.com/marketing-collateral/shahrukhz/interiors/21_INT_Office_Large%202.jpg,2026-04-01 09:58:00
144196,Shahrukhz,interiors,23_INT_Office_Premium.png,image/png,18821345,https://danubeproperties.com/marketing-collateral/shahrukhz/interiors/23_INT_Office_Premium.png,2026-04-01 09:58:00
144196,Shahrukhz,interiors,entrance-lobby_5-1.png,image/png,5317615,https://danubeproperties.com/marketing-collateral/shahrukhz/interiors/entrance-lobby_5-1.png,2026-04-01 09:58:00
144196,Shahrukhz,interiors,magnifics_upscale-dHoQlQaY9nWCwHL8LGfb-u1259599713_a_grand_modern_business_center_in.jpg,image/jpeg,52937311,https://danubeproperties.com/marketing-collateral/shahrukhz/interiors/magnifics_upscale-dHoQlQaY9nWCwHL8LGfb-u1259599713_a_grand_modern_business_center_in.jpg,2026-04-01 09:58:00
144196,Shahrukhz,brochures,shahrukhz_brochure.pdf,application/pdf,14451629,https://danubeproperties.com/marketing-collateral/shahrukhz/brochures/shahrukhz_brochure.pdf,2026-04-01 09:58:00
144196,Shahrukhz,floor-plans,shahrukhz_floor_plans_both_merged-1.pdf,application/pdf,5536086,https://danubeproperties.com/marketing-collateral/shahrukhz/floor-plans/shahrukhz_floor_plans_both_merged-1.pdf,2026-04-25 08:52:27
144196,Shahrukhz,videos,shahrukhz-en.mp4,video/mp4,54961436,https://danubeproperties.com/marketing-collateral/shahrukhz/videos/shahrukhz-en.mp4,2026-06-01 08:20:37
144196,Shahrukhz,videos,srkz-relaxation-30s-vt.mp4,video/mp4,72994901,https://danubeproperties.com/marketing-collateral/shahrukhz/videos/srkz-relaxation-30s-vt.mp4,2026-06-01 08:21:23
146620,Serenz,amenities,Amenities Podium 120000.tif,image/tiff,99623308,https://danubeproperties.com/marketing-collateral/serenz/amenities/Amenities%20Podium%20120000.tif,2026-04-01 09:47:13
146620,Serenz,amenities,Badminton.tif,image/tiff,49569312,https://danubeproperties.com/marketing-collateral/serenz/amenities/Badminton.tif,2026-04-01 09:47:13
146620,Serenz,amenities,Fountain.jpg,image/jpeg,11900304,https://danubeproperties.com/marketing-collateral/serenz/amenities/Fountain.jpg,2026-04-01 09:47:13
146620,Serenz,amenities,Gym.png,image/png,31131022,https://danubeproperties.com/marketing-collateral/serenz/amenities/Gym.png,2026-04-01 09:47:13
146620,Serenz,amenities,Hammock Garden.jpg,image/jpeg,14299641,https://danubeproperties.com/marketing-collateral/serenz/amenities/Hammock%20Garden.jpg,2026-04-01 09:47:13
146620,Serenz,amenities,Outdoor gym.jpg,image/jpeg,17298644,https://danubeproperties.com/marketing-collateral/serenz/amenities/Outdoor%20gym.jpg,2026-04-01 09:47:13
146620,Serenz,amenities,Outdoor-cabana.jpg,image/jpeg,11742562,https://danubeproperties.com/marketing-collateral/serenz/amenities/Outdoor-cabana.jpg,2026-04-01 09:47:13
146620,Serenz,amenities,Pool FINAL.tif,image/tiff,39336096,https://danubeproperties.com/marketing-collateral/serenz/amenities/Pool%20FINAL.tif,2026-04-01 09:47:13
146620,Serenz,amenities,Serenz gardens.jpg,image/jpeg,10883797,https://danubeproperties.com/marketing-collateral/serenz/amenities/Serenz%20gardens.jpg,2026-04-01 09:47:13
146620,Serenz,amenities,Spa.jpg,image/jpeg,13487402,https://danubeproperties.com/marketing-collateral/serenz/amenities/Spa.jpg,2026-04-01 09:47:13
146620,Serenz,amenities,Swimming-Pool-2.jpg,image/jpeg,13372992,https://danubeproperties.com/marketing-collateral/serenz/amenities/Swimming-Pool-2.jpg,2026-04-01 09:47:13
146620,Serenz,amenities,SwimmingPool-1.jpg,image/jpeg,13373224,https://danubeproperties.com/marketing-collateral/serenz/amenities/SwimmingPool-1.jpg,2026-04-01 09:47:13
146620,Serenz,amenities,cam - 014_ev_final_editedAB .jpg,image/jpeg,12850142,https://danubeproperties.com/marketing-collateral/serenz/amenities/cam%20-%20014_ev_final_editedAB%20.jpg,2026-04-01 09:47:13
146620,Serenz,amenities,change_to_daytime_p1ushzt24yz20ymq4h55_3.jpg,image/jpeg,10614432,https://danubeproperties.com/marketing-collateral/serenz/amenities/change_to_daytime_p1ushzt24yz20ymq4h55_3.jpg,2026-04-01 09:47:13
146620,Serenz,amenities,magnifics_upscale-8MXjdSt7rV8qpgYVGBqJ-32b904ba-7ef2-44c9-92f0-223b277cb12c.png,image/png,29594294,https://danubeproperties.com/marketing-collateral/serenz/amenities/magnifics_upscale-8MXjdSt7rV8qpgYVGBqJ-32b904ba-7ef2-44c9-92f0-223b277cb12c.png,2026-04-01 09:47:13
146620,Serenz,amenities,magnifics_upscale-Ng9o5AKhWgprWkB1EJ8O-10.png,image/png,78902575,https://danubeproperties.com/marketing-collateral/serenz/amenities/magnifics_upscale-Ng9o5AKhWgprWkB1EJ8O-10.png,2026-04-01 09:47:13
146620,Serenz,amenities,magnifics_upscale-dJlScw6PxHvTl37GXx4X-OUTDOOR Cabana Enh.png,image/png,70039157,https://danubeproperties.com/marketing-collateral/serenz/amenities/magnifics_upscale-dJlScw6PxHvTl37GXx4X-OUTDOOR%20Cabana%20Enh.png,2026-04-01 09:47:13
146620,Serenz,amenities,magnifics_upscale-mI0gC1zDRj8bGLc6U0xW-2a75f43d-4048-4b0f-90d3-8cfac16e5b58.png,image/png,26557225,https://danubeproperties.com/marketing-collateral/serenz/amenities/magnifics_upscale-mI0gC1zDRj8bGLc6U0xW-2a75f43d-4048-4b0f-90d3-8cfac16e5b58.png,2026-04-01 09:47:13
146620,Serenz,amenities,magnifics_upscale-sGTwLskM26D31IImiLfR-32b904ba-7ef2-44c9-92f0-223b277cb12c.png,image/png,18921394,https://danubeproperties.com/marketing-collateral/serenz/amenities/magnifics_upscale-sGTwLskM26D31IImiLfR-32b904ba-7ef2-44c9-92f0-223b277cb12c.png,2026-04-01 09:47:13
146620,Serenz,exteriors,02_HERO_Day.png,image/png,24451678,https://danubeproperties.com/marketing-collateral/serenz/exteriors/02_HERO_Day.png,2026-04-01 09:47:13
146620,Serenz,exteriors,Balcony last page 01.tif,image/tiff,99623040,https://danubeproperties.com/marketing-collateral/serenz/exteriors/Balcony%20last%20page%2001.tif,2026-04-01 09:47:13
146620,Serenz,exteriors,Balcony night.tif,image/tiff,99623572,https://danubeproperties.com/marketing-collateral/serenz/exteriors/Balcony%20night.tif,2026-04-01 09:47:13
146620,Serenz,exteriors,Building cinematic shot 11.jpg,image/jpeg,12403358,https://danubeproperties.com/marketing-collateral/serenz/exteriors/Building%20cinematic%20shot%2011.jpg,2026-04-01 09:47:13
146620,Serenz,exteriors,Building cinematic shot 3.jpg,image/jpeg,11001842,https://danubeproperties.com/marketing-collateral/serenz/exteriors/Building%20cinematic%20shot%203.jpg,2026-04-01 09:47:13
146620,Serenz,exteriors,Building-cinematic-shot-3-02.jpg,image/jpeg,11077260,https://danubeproperties.com/marketing-collateral/serenz/exteriors/Building-cinematic-shot-3-02.jpg,2026-04-01 09:47:13
146620,Serenz,exteriors,Building-cinematic-shot-8.jpg,image/jpeg,10770261,https://danubeproperties.com/marketing-collateral/serenz/exteriors/Building-cinematic-shot-8.jpg,2026-04-01 09:47:13
146620,Serenz,exteriors,CINEMATIC SHOT 09_03.jpg,image/jpeg,8974598,https://danubeproperties.com/marketing-collateral/serenz/exteriors/CINEMATIC%20SHOT%2009_03.jpg,2026-04-01 09:47:13
146620,Serenz,exteriors,Cinematic Shot 04.png,image/png,31781567,https://danubeproperties.com/marketing-collateral/serenz/exteriors/Cinematic%20Shot%2004.png,2026-04-01 09:47:13
146620,Serenz,exteriors,Cinematic Shot 06.jpg,image/jpeg,8850585,https://danubeproperties.com/marketing-collateral/serenz/exteriors/Cinematic%20Shot%2006.jpg,2026-04-01 09:47:13
146620,Serenz,exteriors,Drop off.png,image/png,34250673,https://danubeproperties.com/marketing-collateral/serenz/exteriors/Drop%20off.png,2026-04-01 09:47:13
146620,Serenz,exteriors,Extended_rollup.png,image/png,41558196,https://danubeproperties.com/marketing-collateral/serenz/exteriors/Extended_rollup.png,2026-04-01 09:47:13
146620,Serenz,exteriors,Nght low angle.tif,image/tiff,99622272,https://danubeproperties.com/marketing-collateral/serenz/exteriors/Nght%20low%20angle.tif,2026-04-01 09:47:13
146620,Serenz,exteriors,Scene_05.jpg,image/jpeg,23351246,https://danubeproperties.com/marketing-collateral/serenz/exteriors/Scene_05.jpg,2026-04-01 09:47:13
146620,Serenz,exteriors,Scene_06.png,image/png,31876957,https://danubeproperties.com/marketing-collateral/serenz/exteriors/Scene_06.png,2026-04-01 09:47:13
146620,Serenz,exteriors,Scene_07.jpg,image/jpeg,9643295,https://danubeproperties.com/marketing-collateral/serenz/exteriors/Scene_07.jpg,2026-04-01 09:47:13
146620,Serenz,exteriors,building-cinematic-shot-9.jpg,image/jpeg,8579786,https://danubeproperties.com/marketing-collateral/serenz/exteriors/building-cinematic-shot-9.jpg,2026-04-01 09:47:13
146620,Serenz,exteriors,magnifics_upscale-jXg7roDXsPP1QSmFrXAs-0008.png,image/png,74354049,https://danubeproperties.com/marketing-collateral/serenz/exteriors/magnifics_upscale-jXg7roDXsPP1QSmFrXAs-0008.png,2026-04-01 09:47:13
146620,Serenz,interiors,Kitchen.jpg,image/jpeg,8348965,https://danubeproperties.com/marketing-collateral/serenz/interiors/Kitchen.jpg,2026-04-01 09:47:13
146620,Serenz,interiors,Lobby.png,image/png,32889139,https://danubeproperties.com/marketing-collateral/serenz/interiors/Lobby.png,2026-04-01 09:47:13
146620,Serenz,interiors,make_the_bedroom_match_the_living_room_design_materials_lighting_and_atmosphere_for_a_cinematic_top_oc2pspsl4uugkqrjqxbq_1 (1).jpg,image/jpeg,9794812,https://danubeproperties.com/marketing-collateral/serenz/interiors/make_the_bedroom_match_the_living_room_design_materials_lighting_and_atmosphere_for_a_cinematic_top_oc2pspsl4uugkqrjqxbq_1%20%281%29.jpg,2026-04-01 09:47:13
146620,Serenz,interiors,make_the_bedroom_match_the_living_room_design_materials_lighting_and_atmosphere_for_a_cinematic_top_oc2pspsl4uugkqrjqxbq_1.jpg,image/jpeg,9794812,https://danubeproperties.com/marketing-collateral/serenz/interiors/make_the_bedroom_match_the_living_room_design_materials_lighting_and_atmosphere_for_a_cinematic_top_oc2pspsl4uugkqrjqxbq_1.jpg,2026-04-01 09:47:13
146620,Serenz,interiors,openart-image_faHz363t_1768259159454_raw.jpg,image/jpeg,7874119,https://danubeproperties.com/marketing-collateral/serenz/interiors/openart-image_faHz363t_1768259159454_raw.jpg,2026-04-01 09:47:13
146620,Serenz,interiors,openart-image_mcwxuo9e_1768259564068_raw.jpg,image/jpeg,7802087,https://danubeproperties.com/marketing-collateral/serenz/interiors/openart-image_mcwxuo9e_1768259564068_raw.jpg,2026-04-01 09:47:13
146620,Serenz,interiors,washroom_1_upscayl_3x_realesrgan-x4plus.jpg,image/jpeg,22689949,https://danubeproperties.com/marketing-collateral/serenz/interiors/washroom_1_upscayl_3x_realesrgan-x4plus.jpg,2026-04-01 09:47:13
146620,Serenz,brochures,Serenz Brochure - FINAL Digital.pdf,application/pdf,19312327,https://danubeproperties.com/marketing-collateral/serenz/brochures/Serenz%20Brochure%20-%20FINAL%20Digital.pdf,2026-04-01 09:47:13
146620,Serenz,social-media,AS - Serenz v4.mp4,video/mp4,175910108,https://danubeproperties.com/marketing-collateral/serenz/social-media/AS%20-%20Serenz%20v4.mp4,2026-04-01 09:47:13
146620,Serenz,social-media,Boss - Serenz Final Eng.mp4,video/quicktime,95287881,https://danubeproperties.com/marketing-collateral/serenz/social-media/Boss%20-%20Serenz%20Final%20Eng.mp4,2026-04-01 09:47:13
146620,Serenz,floor-plans,serenz_floor_plans_batch2.pdf,application/pdf,23470062,https://danubeproperties.com/marketing-collateral/serenz/floor-plans/serenz_floor_plans_batch2.pdf,2026-04-21 14:23:03
146620,Serenz,floor-plans,serenz_floor_plans_retail_ver2-1.pdf,application/pdf,1903370,https://danubeproperties.com/marketing-collateral/serenz/floor-plans/serenz_floor_plans_retail_ver2-1.pdf,2026-05-15 06:16:37
146620,Serenz,videos,serenz-apartment.mp4,video/mp4,118984263,https://danubeproperties.com/marketing-collateral/serenz/videos/serenz-apartment.mp4,2026-05-07 06:16:34
146620,Serenz,videos,serenz_1bed_flex_plus.mp4,video/mp4,9207130,https://danubeproperties.com/marketing-collateral/serenz/videos/serenz_1bed_flex_plus.mp4,2026-06-01 07:55:59
146620,Serenz,videos,serenz-by-danube-walkthrough-video.mp4,video/mp4,25254463,https://danubeproperties.com/marketing-collateral/serenz/videos/serenz-by-danube-walkthrough-video.mp4,2026-06-22 10:36:16
135464,Aspirz,brochures,Aspirz_brochure_AR.pdf,application/pdf,14128536,https://danubeproperties.com/marketing-collateral/aspirz/brochures/Aspirz_brochure_AR.pdf,2026-04-01 09:57:43
135464,Aspirz,brochures,Aspirz_brochure_EN.pdf,application/pdf,14176013,https://danubeproperties.com/marketing-collateral/aspirz/brochures/Aspirz_brochure_EN.pdf,2026-04-01 09:57:43
135464,Aspirz,factsheet,Aspirz_A4_factsheet.pdf,application/pdf,4437017,https://danubeproperties.com/marketing-collateral/aspirz/factsheet/Aspirz_A4_factsheet.pdf,2026-04-01 09:57:43
135464,Aspirz,floor-plans,Aspirz_floor_plans_apartments_VER2.pdf,application/pdf,7267755,https://danubeproperties.com/marketing-collateral/aspirz/floor-plans/Aspirz_floor_plans_apartments_VER2.pdf,2026-04-01 09:57:43
135464,Aspirz,floor-plans,Aspirz_floor_plans_offices_VER2.pdf,application/pdf,4652394,https://danubeproperties.com/marketing-collateral/aspirz/floor-plans/Aspirz_floor_plans_offices_VER2.pdf,2026-04-01 09:57:43
135464,Aspirz,renders,Aspirz BADMINTON.jpg,image/jpeg,1770558,https://danubeproperties.com/marketing-collateral/aspirz/renders/Aspirz%20BADMINTON.jpg,2026-04-01 09:57:43
135464,Aspirz,renders,Aspirz Business & Print.jpg,image/jpeg,1480917,https://danubeproperties.com/marketing-collateral/aspirz/renders/Aspirz%20Business%20%26%20Print.jpg,2026-04-01 09:57:43
135464,Aspirz,renders,Aspirz Cafe.jpg,image/jpeg,1679670,https://danubeproperties.com/marketing-collateral/aspirz/renders/Aspirz%20Cafe.jpg,2026-04-01 09:57:43
135464,Aspirz,renders,Aspirz Cricket.jpg,image/jpeg,2153401,https://danubeproperties.com/marketing-collateral/aspirz/renders/Aspirz%20Cricket.jpg,2026-04-01 09:57:43
135464,Aspirz,renders,Aspirz Games room.jpg,image/jpeg,1624258,https://danubeproperties.com/marketing-collateral/aspirz/renders/Aspirz%20Games%20room.jpg,2026-04-01 09:57:43
135464,Aspirz,renders,Aspirz Hero shot1 day.jpg,image/jpeg,20318640,https://danubeproperties.com/marketing-collateral/aspirz/renders/Aspirz%20Hero%20shot1%20day.jpg,2026-04-01 09:57:43
135464,Aspirz,renders,Aspirz Image_2.png,image/png,188650209,https://danubeproperties.com/marketing-collateral/aspirz/renders/Aspirz%20Image_2.png,2026-04-01 09:57:43
135464,Aspirz,renders,Aspirz Image_3.png,image/png,186614819,https://danubeproperties.com/marketing-collateral/aspirz/renders/Aspirz%20Image_3.png,2026-04-01 09:57:43
135464,Aspirz,renders,Aspirz Kids Play area.jpg,image/jpeg,24903500,https://danubeproperties.com/marketing-collateral/aspirz/renders/Aspirz%20Kids%20Play%20area.jpg,2026-04-01 09:57:43
135464,Aspirz,renders,Aspirz Location Map Aspirz.pdf,application/pdf,18129037,https://danubeproperties.com/marketing-collateral/aspirz/renders/Aspirz%20Location%20Map%20Aspirz.pdf,2026-04-01 09:57:43
135464,Aspirz,renders,Aspirz Podcast Room V3.jpg,image/jpeg,1381416,https://danubeproperties.com/marketing-collateral/aspirz/renders/Aspirz%20Podcast%20Room%20V3.jpg,2026-04-01 09:57:43
135464,Aspirz,renders,Aspirz Scene 10_1.png,image/png,163343986,https://danubeproperties.com/marketing-collateral/aspirz/renders/Aspirz%20Scene%2010_1.png,2026-04-01 09:57:43
135464,Aspirz,renders,Aspirz Scene 14.png,image/png,170935304,https://danubeproperties.com/marketing-collateral/aspirz/renders/Aspirz%20Scene%2014.png,2026-04-01 09:57:43
135464,Aspirz,renders,Aspirz Scene 4_1.png,image/png,186111574,https://danubeproperties.com/marketing-collateral/aspirz/renders/Aspirz%20Scene%204_1.png,2026-04-01 09:57:43
135464,Aspirz,renders,Aspirz Yoga Zumba.jpg,image/jpeg,1683454,https://danubeproperties.com/marketing-collateral/aspirz/renders/Aspirz%20Yoga%20Zumba.jpg,2026-04-01 09:57:43
135464,Aspirz,renders,Aspirz cam01_1bhk (1).jpg,image/jpeg,684433,https://danubeproperties.com/marketing-collateral/aspirz/renders/Aspirz%20cam01_1bhk%20%281%29.jpg,2026-04-01 09:57:43
135464,Aspirz,renders,Aspirz studioapparment_view 2.jpg,image/jpeg,902970,https://danubeproperties.com/marketing-collateral/aspirz/renders/Aspirz%20studioapparment_view%202.jpg,2026-04-01 09:57:43
135464,Aspirz,renders,Aspirz_BBQ.tif,image/tiff,102662372,https://danubeproperties.com/marketing-collateral/aspirz/renders/Aspirz_BBQ.tif,2026-04-01 09:57:43
135464,Aspirz,renders,Aspirz_Ballroom.tif,image/tiff,75991348,https://danubeproperties.com/marketing-collateral/aspirz/renders/Aspirz_Ballroom.tif,2026-04-01 09:57:43
135464,Aspirz,renders,Aspirz_BasketBall.tif,image/tiff,97500062,https://danubeproperties.com/marketing-collateral/aspirz/renders/Aspirz_BasketBall.tif,2026-04-01 09:57:43
135464,Aspirz,renders,Aspirz_Cinema.tif,image/tiff,121472850,https://danubeproperties.com/marketing-collateral/aspirz/renders/Aspirz_Cinema.tif,2026-04-01 09:57:43
135464,Aspirz,renders,Aspirz_Daycare.tif,image/tiff,100818464,https://danubeproperties.com/marketing-collateral/aspirz/renders/Aspirz_Daycare.tif,2026-04-01 09:57:43
135464,Aspirz,renders,Aspirz_Dropoff.tif,image/tiff,103508620,https://danubeproperties.com/marketing-collateral/aspirz/renders/Aspirz_Dropoff.tif,2026-04-01 09:57:43
135464,Aspirz,renders,Aspirz_Indoor Gym.tif,image/tiff,101950440,https://danubeproperties.com/marketing-collateral/aspirz/renders/Aspirz_Indoor%20Gym.tif,2026-04-01 09:57:43
135464,Aspirz,renders,Aspirz_Infinity Pool.tif,image/tiff,100010574,https://danubeproperties.com/marketing-collateral/aspirz/renders/Aspirz_Infinity%20Pool.tif,2026-04-01 09:57:43
135464,Aspirz,renders,Aspirz_Large Office_1.tif,image/tiff,101868776,https://danubeproperties.com/marketing-collateral/aspirz/renders/Aspirz_Large%20Office_1.tif,2026-04-01 09:57:43
135464,Aspirz,renders,Aspirz_Medium Office_1.tif,image/tiff,98497300,https://danubeproperties.com/marketing-collateral/aspirz/renders/Aspirz_Medium%20Office_1.tif,2026-04-01 09:57:43
135464,Aspirz,renders,Aspirz_Outdoor Gym.tif,image/tiff,104740372,https://danubeproperties.com/marketing-collateral/aspirz/renders/Aspirz_Outdoor%20Gym.tif,2026-04-01 09:57:43
135464,Aspirz,renders,Aspirz_Padel.tif,image/tiff,106777528,https://danubeproperties.com/marketing-collateral/aspirz/renders/Aspirz_Padel.tif,2026-04-01 09:57:43
135464,Aspirz,renders,Aspirz_Pool.tif,image/tiff,101487766,https://danubeproperties.com/marketing-collateral/aspirz/renders/Aspirz_Pool.tif,2026-04-01 09:57:43
135464,Aspirz,renders,Aspirz_Prayer Room.tif,image/tiff,101442216,https://danubeproperties.com/marketing-collateral/aspirz/renders/Aspirz_Prayer%20Room.tif,2026-04-01 09:57:43
135464,Aspirz,renders,Aspirz_Reception Lobby 1.tif,image/tiff,119175574,https://danubeproperties.com/marketing-collateral/aspirz/renders/Aspirz_Reception%20Lobby%201.tif,2026-04-01 09:57:43
135464,Aspirz,renders,Aspirz_Reception Lobby 2.tif,image/tiff,119569174,https://danubeproperties.com/marketing-collateral/aspirz/renders/Aspirz_Reception%20Lobby%202.tif,2026-04-01 09:57:43
135464,Aspirz,renders,Aspirz_Residential Lobby 1.tif,image/tiff,118392978,https://danubeproperties.com/marketing-collateral/aspirz/renders/Aspirz_Residential%20Lobby%201.tif,2026-04-01 09:57:43
135464,Aspirz,renders,Aspirz_Residential Lobby 3.tif,image/tiff,117337864,https://danubeproperties.com/marketing-collateral/aspirz/renders/Aspirz_Residential%20Lobby%203.tif,2026-04-01 09:57:43
135464,Aspirz,renders,Aspirz_Very Large Office_1.tif,image/tiff,99155688,https://danubeproperties.com/marketing-collateral/aspirz/renders/Aspirz_Very%20Large%20Office_1.tif,2026-04-01 09:57:43
135464,Aspirz,renders,Heroshot1_ night 20000px (1).tif,image/tiff,444029316,https://danubeproperties.com/marketing-collateral/aspirz/renders/Heroshot1_%20night%2020000px%20%281%29.tif,2026-04-01 09:57:43
135464,Aspirz,renders,Heroshot2_ night 20000px 12th June Extended Version.tif,image/tiff,557712332,https://danubeproperties.com/marketing-collateral/aspirz/renders/Heroshot2_%20night%2020000px%2012th%20June%20Extended%20Version.tif,2026-04-01 09:57:43
135464,Aspirz,videos,aspirz-show-apartment-minimal.mp4,video/mp4,92379989,https://danubeproperties.com/marketing-collateral/aspirz/videos/aspirz-show-apartment-minimal.mp4,2026-05-06 14:15:54
135464,Aspirz,videos,aspirz_studio_flex.mp4,video/mp4,2784795,https://danubeproperties.com/marketing-collateral/aspirz/videos/aspirz_studio_flex.mp4,2026-06-17 10:43:29
131949,Sparklz,amenities,Sparklz Aqua Gym.jpg,image/jpeg,19191571,https://danubeproperties.com/marketing-collateral/sparklz/amenities/Sparklz%20Aqua%20Gym.jpg,2026-04-01 09:57:30
131949,Sparklz,amenities,Sparklz BBQ.jpg,image/jpeg,14640389,https://danubeproperties.com/marketing-collateral/sparklz/amenities/Sparklz%20BBQ.jpg,2026-04-01 09:57:30
131949,Sparklz,amenities,Sparklz Beauty Salon.jpg,image/jpeg,12508314,https://danubeproperties.com/marketing-collateral/sparklz/amenities/Sparklz%20Beauty%20Salon.jpg,2026-04-01 09:57:30
131949,Sparklz,amenities,Sparklz Business Centre.jpg,image/jpeg,17977288,https://danubeproperties.com/marketing-collateral/sparklz/amenities/Sparklz%20Business%20Centre.jpg,2026-04-01 09:57:30
131949,Sparklz,amenities,Sparklz Gym.jpg,image/jpeg,21822400,https://danubeproperties.com/marketing-collateral/sparklz/amenities/Sparklz%20Gym.jpg,2026-04-01 09:57:30
131949,Sparklz,amenities,Sparklz Health Bar_F.jpg,image/jpeg,15545908,https://danubeproperties.com/marketing-collateral/sparklz/amenities/Sparklz%20Health%20Bar_F.jpg,2026-04-01 09:57:30
131949,Sparklz,amenities,Sparklz Infinity Pool_F_new.jpg,image/jpeg,16895242,https://danubeproperties.com/marketing-collateral/sparklz/amenities/Sparklz%20Infinity%20Pool_F_new.jpg,2026-04-01 09:57:30
131949,Sparklz,amenities,Sparklz Kids Daycare .jpg,image/jpeg,24352594,https://danubeproperties.com/marketing-collateral/sparklz/amenities/Sparklz%20Kids%20Daycare%20.jpg,2026-04-01 09:57:30
131949,Sparklz,amenities,Sparklz Kids Play area.jpg,image/jpeg,24903500,https://danubeproperties.com/marketing-collateral/sparklz/amenities/Sparklz%20Kids%20Play%20area.jpg,2026-04-01 09:57:30
131949,Sparklz,amenities,Sparklz Outdoor Cinema.jpg,image/jpeg,24171614,https://danubeproperties.com/marketing-collateral/sparklz/amenities/Sparklz%20Outdoor%20Cinema.jpg,2026-04-01 09:57:30
131949,Sparklz,amenities,Sparklz Outdoor Dining.jpg,image/jpeg,28175583,https://danubeproperties.com/marketing-collateral/sparklz/amenities/Sparklz%20Outdoor%20Dining.jpg,2026-04-01 09:57:30
131949,Sparklz,amenities,Sparklz Outdoor Gym.jpg,image/jpeg,32919449,https://danubeproperties.com/marketing-collateral/sparklz/amenities/Sparklz%20Outdoor%20Gym.jpg,2026-04-01 09:57:30
131949,Sparklz,amenities,Sparklz Pool Deck.jpg,image/jpeg,28207504,https://danubeproperties.com/marketing-collateral/sparklz/amenities/Sparklz%20Pool%20Deck.jpg,2026-04-01 09:57:30
131949,Sparklz,amenities,Sparklz Pool Party.jpg,image/jpeg,32763962,https://danubeproperties.com/marketing-collateral/sparklz/amenities/Sparklz%20Pool%20Party.jpg,2026-04-01 09:57:30
131949,Sparklz,amenities,Sparklz Prayer Room.jpg,image/jpeg,26316775,https://danubeproperties.com/marketing-collateral/sparklz/amenities/Sparklz%20Prayer%20Room.jpg,2026-04-01 09:57:30
131949,Sparklz,amenities,Sparklz Sparkle Garden.jpg,image/jpeg,39868279,https://danubeproperties.com/marketing-collateral/sparklz/amenities/Sparklz%20Sparkle%20Garden.jpg,2026-04-01 09:57:30
131949,Sparklz,amenities,Sparklz Yoga.jpg,image/jpeg,21683710,https://danubeproperties.com/marketing-collateral/sparklz/amenities/Sparklz%20Yoga.jpg,2026-04-01 09:57:30
131949,Sparklz,amenities,Sparklz magnifics_upscale-j638t7M8oI38rTtBTFCY-Basketball.png,image/png,55651952,https://danubeproperties.com/marketing-collateral/sparklz/amenities/Sparklz%20magnifics_upscale-j638t7M8oI38rTtBTFCY-Basketball.png,2026-04-01 09:57:30
131949,Sparklz,amenities,Sparklz magnifics_upscale-jGnRFQumOh79UkKPDHSq-Badminton.jpg,image/jpeg,20116118,https://danubeproperties.com/marketing-collateral/sparklz/amenities/Sparklz%20magnifics_upscale-jGnRFQumOh79UkKPDHSq-Badminton.jpg,2026-04-01 09:57:30
131949,Sparklz,exteriors,Sparklz H_Cam1_twlt.jpg,image/jpeg,74394016,https://danubeproperties.com/marketing-collateral/sparklz/exteriors/Sparklz%20H_Cam1_twlt.jpg,2026-04-01 09:57:30
131949,Sparklz,exteriors,Sparklz H_Cam4_twlt.jpg,image/jpeg,98547192,https://danubeproperties.com/marketing-collateral/sparklz/exteriors/Sparklz%20H_Cam4_twlt.jpg,2026-04-01 09:57:30
131949,Sparklz,exteriors,Sparklz_BalconyView1.jpg,image/jpeg,24124346,https://danubeproperties.com/marketing-collateral/sparklz/exteriors/Sparklz_BalconyView1.jpg,2026-04-01 09:57:30
131949,Sparklz,exteriors,Sparklz_Exterior_April19.jpg,image/jpeg,18436553,https://danubeproperties.com/marketing-collateral/sparklz/exteriors/Sparklz_Exterior_April19.jpg,2026-04-01 09:57:30
131949,Sparklz,interiors,Sparklz 001.jpg,image/jpeg,6640701,https://danubeproperties.com/marketing-collateral/sparklz/interiors/Sparklz%20001.jpg,2026-04-01 09:57:30
131949,Sparklz,interiors,Sparklz 2025-02-12-REV01-Studio01.jpg,image/jpeg,10833529,https://danubeproperties.com/marketing-collateral/sparklz/interiors/Sparklz%202025-02-12-REV01-Studio01.jpg,2026-04-01 09:57:30
131949,Sparklz,interiors,Sparklz 2025-02-12-REV01-Studio02.jpg,image/jpeg,9905796,https://danubeproperties.com/marketing-collateral/sparklz/interiors/Sparklz%202025-02-12-REV01-Studio02.jpg,2026-04-01 09:57:30
131949,Sparklz,interiors,Sparklz BHK01.jpg,image/jpeg,13381302,https://danubeproperties.com/marketing-collateral/sparklz/interiors/Sparklz%20BHK01.jpg,2026-04-01 09:57:30
131949,Sparklz,interiors,Sparklz Kitchen.jpg,image/jpeg,5475171,https://danubeproperties.com/marketing-collateral/sparklz/interiors/Sparklz%20Kitchen.jpg,2026-04-01 09:57:30
131949,Sparklz,interiors,Sparklz Reception Lobby (1).jpg,image/jpeg,8349498,https://danubeproperties.com/marketing-collateral/sparklz/interiors/Sparklz%20Reception%20Lobby%20%281%29.jpg,2026-04-01 09:57:30
131949,Sparklz,interiors,Sparklz Reception Lobby (2).jpg,image/jpeg,10804492,https://danubeproperties.com/marketing-collateral/sparklz/interiors/Sparklz%20Reception%20Lobby%20%282%29.jpg,2026-04-01 09:57:30
131949,Sparklz,interiors,Sparklz Reception Lobby (3).jpg,image/jpeg,10624572,https://danubeproperties.com/marketing-collateral/sparklz/interiors/Sparklz%20Reception%20Lobby%20%283%29.jpg,2026-04-01 09:57:30
131949,Sparklz,interiors,Sparklz Reception Lobby (4).jpg,image/jpeg,7260890,https://danubeproperties.com/marketing-collateral/sparklz/interiors/Sparklz%20Reception%20Lobby%20%284%29.jpg,2026-04-01 09:57:30
131949,Sparklz,interiors,Sparklz Studio02-washroom-final.jpg,image/jpeg,36591189,https://danubeproperties.com/marketing-collateral/sparklz/interiors/Sparklz%20Studio02-washroom-final.jpg,2026-04-01 09:57:30
131949,Sparklz,interiors,Sparklz TAIMEZ 13-2.jpg,image/jpeg,6713497,https://danubeproperties.com/marketing-collateral/sparklz/interiors/Sparklz%20TAIMEZ%2013-2.jpg,2026-04-01 09:57:30
131949,Sparklz,brochures,Sparklz A4_FOLD Flyer-UAE.pdf,application/pdf,1332104587,https://danubeproperties.com/marketing-collateral/sparklz/brochures/Sparklz%20A4_FOLD%20Flyer-UAE.pdf,2026-04-01 09:57:30
131949,Sparklz,brochures,Sparklz_brochure_EN.pdf,application/pdf,12128791,https://danubeproperties.com/marketing-collateral/sparklz/brochures/Sparklz_brochure_EN.pdf,2026-04-01 09:57:30
131949,Sparklz,factsheet,Sparklz_A4_factsheet_EN.pdf,application/pdf,1527761,https://danubeproperties.com/marketing-collateral/sparklz/factsheet/Sparklz_A4_factsheet_EN.pdf,2026-04-01 09:57:30
131949,Sparklz,walkthrough,Sparklz - WT VT v5.mp4,video/mp4,213560901,https://danubeproperties.com/marketing-collateral/sparklz/walkthrough/Sparklz%20-%20WT%20VT%20v5.mp4,2026-04-17 10:22:19
131949,Sparklz,walkthrough,Sparklz_walkthrough.mp4,video/mp4,316025937,https://danubeproperties.com/marketing-collateral/sparklz/walkthrough/Sparklz_walkthrough.mp4,2026-04-17 10:22:19
131949,Sparklz,videos,sparklz-1bhk.mp4,video/mp4,19134906,https://danubeproperties.com/marketing-collateral/sparklz/videos/sparklz-1bhk.mp4,2026-05-07 06:33:16
131949,Sparklz,videos,sparklz-ambar-studio.mp4,video/mp4,77466963,https://danubeproperties.com/marketing-collateral/sparklz/videos/sparklz-ambar-studio.mp4,2026-05-07 06:37:04
131949,Sparklz,videos,sparklz_sample_video.mp4,video/mp4,5989956,https://danubeproperties.com/marketing-collateral/sparklz/videos/sparklz_sample_video.mp4,2026-06-19 12:06:51
19775,DIAMONDZ,brochures,Diamondz_brochure_AR.pdf,application/pdf,21968759,https://danubeproperties.com/marketing-collateral/diamondz/brochures/Diamondz_brochure_AR.pdf,2026-05-04 07:21:21
19775,DIAMONDZ,brochures,Diamondz_brochure_EN.pdf,application/pdf,25546231,https://danubeproperties.com/marketing-collateral/diamondz/brochures/Diamondz_brochure_EN.pdf,2026-05-04 07:21:21
19775,DIAMONDZ,brochures,Diamondz_brochure_RU.pdf,application/pdf,25517255,https://danubeproperties.com/marketing-collateral/diamondz/brochures/Diamondz_brochure_RU.pdf,2026-05-04 07:21:21
19775,DIAMONDZ,floor-plans,Diamondz_floor_plans_ver1.pdf,application/pdf,13953326,https://danubeproperties.com/marketing-collateral/diamondz/floor-plans/Diamondz_floor_plans_ver1.pdf,2026-05-04 07:21:21
19775,DIAMONDZ,floor-plans,diamondz-retail_floor_plan.pdf,application/pdf,20469452,https://danubeproperties.com/marketing-collateral/diamondz/floor-plans/diamondz-retail_floor_plan.pdf,2026-05-04 07:25:15
19775,DIAMONDZ,renders,Diamondz_00012_render.jpg,image/jpeg,26871935,https://danubeproperties.com/marketing-collateral/diamondz/renders/Diamondz_00012_render.jpg,2026-05-04 07:21:21
19775,DIAMONDZ,renders,Diamondz_00012_render1.jpg,image/jpeg,26871935,https://danubeproperties.com/marketing-collateral/diamondz/renders/Diamondz_00012_render1.jpg,2026-05-04 07:21:21
19775,DIAMONDZ,renders,Diamondz_00018.jpg,image/jpeg,17992766,https://danubeproperties.com/marketing-collateral/diamondz/renders/Diamondz_00018.jpg,2026-05-04 07:21:21
19775,DIAMONDZ,renders,Diamondz_000181.jpg,image/jpeg,17992766,https://danubeproperties.com/marketing-collateral/diamondz/renders/Diamondz_000181.jpg,2026-05-04 07:21:21
19775,DIAMONDZ,renders,Diamondz_0004_render.jpg,image/jpeg,13793949,https://danubeproperties.com/marketing-collateral/diamondz/renders/Diamondz_0004_render.jpg,2026-05-04 07:21:21
19775,DIAMONDZ,renders,Diamondz_0004_render1.jpg,image/jpeg,13793949,https://danubeproperties.com/marketing-collateral/diamondz/renders/Diamondz_0004_render1.jpg,2026-05-04 07:21:21
19775,DIAMONDZ,renders,Diamondz_005-1.jpg,image/jpeg,31617535,https://danubeproperties.com/marketing-collateral/diamondz/renders/Diamondz_005-1.jpg,2026-05-04 07:21:21
19775,DIAMONDZ,renders,Diamondz_005-11.jpg,image/jpeg,31617535,https://danubeproperties.com/marketing-collateral/diamondz/renders/Diamondz_005-11.jpg,2026-05-04 07:21:21
19775,DIAMONDZ,renders,Diamondz_1BR-Living2.jpg,image/jpeg,29970975,https://danubeproperties.com/marketing-collateral/diamondz/renders/Diamondz_1BR-Living2.jpg,2026-05-04 07:21:21
19775,DIAMONDZ,renders,Diamondz_1BR-Living21.jpg,image/jpeg,29970975,https://danubeproperties.com/marketing-collateral/diamondz/renders/Diamondz_1BR-Living21.jpg,2026-05-04 07:21:21
19775,DIAMONDZ,renders,Diamondz_22af6ddf-493a-47aa-8173-39febcb05dc7.jpg,image/jpeg,689879,https://danubeproperties.com/marketing-collateral/diamondz/renders/Diamondz_22af6ddf-493a-47aa-8173-39febcb05dc7.jpg,2026-05-04 07:21:21
19775,DIAMONDZ,renders,Diamondz_2BR-Bedroom.jpg,image/jpeg,34652548,https://danubeproperties.com/marketing-collateral/diamondz/renders/Diamondz_2BR-Bedroom.jpg,2026-05-04 07:21:21
19775,DIAMONDZ,renders,Diamondz_2BR-Bedroom1.jpg,image/jpeg,34652548,https://danubeproperties.com/marketing-collateral/diamondz/renders/Diamondz_2BR-Bedroom1.jpg,2026-05-04 07:21:21
19775,DIAMONDZ,renders,Diamondz_2br-kitchen.jpg,image/jpeg,21511127,https://danubeproperties.com/marketing-collateral/diamondz/renders/Diamondz_2br-kitchen.jpg,2026-05-04 07:21:21
19775,DIAMONDZ,renders,Diamondz_2br-kitchen1.jpg,image/jpeg,21511127,https://danubeproperties.com/marketing-collateral/diamondz/renders/Diamondz_2br-kitchen1.jpg,2026-05-04 07:21:21
19775,DIAMONDZ,renders,Diamondz_2nd Bedroom 2BHK.jpg,image/jpeg,33271310,https://danubeproperties.com/marketing-collateral/diamondz/renders/Diamondz_2nd%20Bedroom%202BHK.jpg,2026-05-04 07:21:21
19775,DIAMONDZ,renders,Diamondz_2nd Bedroom 2BHK1.jpg,image/jpeg,33271310,https://danubeproperties.com/marketing-collateral/diamondz/renders/Diamondz_2nd%20Bedroom%202BHK1.jpg,2026-05-04 07:21:21
19775,DIAMONDZ,renders,Diamondz_701.jpg,image/jpeg,32496681,https://danubeproperties.com/marketing-collateral/diamondz/renders/Diamondz_701.jpg,2026-05-04 07:21:21
19775,DIAMONDZ,renders,Diamondz_7011.jpg,image/jpeg,32496681,https://danubeproperties.com/marketing-collateral/diamondz/renders/Diamondz_7011.jpg,2026-05-04 07:21:21
19775,DIAMONDZ,renders,Diamondz_A V2s.jpg,image/jpeg,29262745,https://danubeproperties.com/marketing-collateral/diamondz/renders/Diamondz_A%20V2s.jpg,2026-05-04 07:21:21
19775,DIAMONDZ,renders,Diamondz_A V2s1.jpg,image/jpeg,29262745,https://danubeproperties.com/marketing-collateral/diamondz/renders/Diamondz_A%20V2s1.jpg,2026-05-04 07:21:21
19775,DIAMONDZ,renders,Diamondz_A V5s.jpg,image/jpeg,30746606,https://danubeproperties.com/marketing-collateral/diamondz/renders/Diamondz_A%20V5s.jpg,2026-05-04 07:21:21
19775,DIAMONDZ,renders,Diamondz_A V5s1.jpg,image/jpeg,30746606,https://danubeproperties.com/marketing-collateral/diamondz/renders/Diamondz_A%20V5s1.jpg,2026-05-04 07:21:21
19775,DIAMONDZ,renders,Diamondz_A V7s.jpg,image/jpeg,42482637,https://danubeproperties.com/marketing-collateral/diamondz/renders/Diamondz_A%20V7s.jpg,2026-05-04 07:21:21
19775,DIAMONDZ,renders,Diamondz_A V7s1.jpg,image/jpeg,42482637,https://danubeproperties.com/marketing-collateral/diamondz/renders/Diamondz_A%20V7s1.jpg,2026-05-04 07:21:21
19775,DIAMONDZ,renders,Diamondz_Ain Dubai View.jpg,image/jpeg,12919863,https://danubeproperties.com/marketing-collateral/diamondz/renders/Diamondz_Ain%20Dubai%20View.jpg,2026-05-04 07:21:21
19775,DIAMONDZ,renders,Diamondz_Ain Dubai View1.jpg,image/jpeg,12919863,https://danubeproperties.com/marketing-collateral/diamondz/renders/Diamondz_Ain%20Dubai%20View1.jpg,2026-05-04 07:21:21
19775,DIAMONDZ,renders,Diamondz_Exterior.jpg,image/jpeg,22935918,https://danubeproperties.com/marketing-collateral/diamondz/renders/Diamondz_Exterior.jpg,2026-05-04 07:21:21
19775,DIAMONDZ,renders,Diamondz_Exterior1.jpg,image/jpeg,22935918,https://danubeproperties.com/marketing-collateral/diamondz/renders/Diamondz_Exterior1.jpg,2026-05-04 07:21:21
19775,DIAMONDZ,renders,Diamondz_Gym-Edited.jpg,image/jpeg,32639071,https://danubeproperties.com/marketing-collateral/diamondz/renders/Diamondz_Gym-Edited.jpg,2026-05-04 07:21:21
19775,DIAMONDZ,renders,Diamondz_Gym-Edited1.jpg,image/jpeg,32639071,https://danubeproperties.com/marketing-collateral/diamondz/renders/Diamondz_Gym-Edited1.jpg,2026-05-04 07:21:21
19775,DIAMONDZ,renders,Diamondz_Jumeirah Island View.jpeg,image/jpeg,9643753,https://danubeproperties.com/marketing-collateral/diamondz/renders/Diamondz_Jumeirah%20Island%20View.jpeg,2026-05-04 07:21:21
19775,DIAMONDZ,renders,Diamondz_Jumeirah Island View1.jpeg,image/jpeg,9643753,https://danubeproperties.com/marketing-collateral/diamondz/renders/Diamondz_Jumeirah%20Island%20View1.jpeg,2026-05-04 07:21:21
19775,DIAMONDZ,renders,Diamondz_Kids.jpg,image/jpeg,15124382,https://danubeproperties.com/marketing-collateral/diamondz/renders/Diamondz_Kids.jpg,2026-05-04 07:21:21
19775,DIAMONDZ,renders,Diamondz_Kids1.jpg,image/jpeg,15124382,https://danubeproperties.com/marketing-collateral/diamondz/renders/Diamondz_Kids1.jpg,2026-05-04 07:21:21
19775,DIAMONDZ,renders,Diamondz_Lift Lobby.jpg,image/jpeg,22094177,https://danubeproperties.com/marketing-collateral/diamondz/renders/Diamondz_Lift%20Lobby.jpg,2026-05-04 07:21:21
19775,DIAMONDZ,renders,Diamondz_Lift Lobby1.jpg,image/jpeg,22094177,https://danubeproperties.com/marketing-collateral/diamondz/renders/Diamondz_Lift%20Lobby1.jpg,2026-05-04 07:21:21
19775,DIAMONDZ,renders,Diamondz_Lobby.jpg,image/jpeg,18853029,https://danubeproperties.com/marketing-collateral/diamondz/renders/Diamondz_Lobby.jpg,2026-05-04 07:21:21
19775,DIAMONDZ,renders,Diamondz_Lobby1.jpg,image/jpeg,18853029,https://danubeproperties.com/marketing-collateral/diamondz/renders/Diamondz_Lobby1.jpg,2026-05-04 07:21:21
19775,DIAMONDZ,renders,Diamondz_Powder.jpg,image/jpeg,9482491,https://danubeproperties.com/marketing-collateral/diamondz/renders/Diamondz_Powder.jpg,2026-05-04 07:21:21
19775,DIAMONDZ,renders,Diamondz_Powder1.jpg,image/jpeg,9482491,https://danubeproperties.com/marketing-collateral/diamondz/renders/Diamondz_Powder1.jpg,2026-05-04 07:21:21
19775,DIAMONDZ,renders,Diamondz_Prayer Hall.jpg,image/jpeg,23239348,https://danubeproperties.com/marketing-collateral/diamondz/renders/Diamondz_Prayer%20Hall.jpg,2026-05-04 07:21:21
19775,DIAMONDZ,renders,Diamondz_Prayer Hall1.jpg,image/jpeg,23239348,https://danubeproperties.com/marketing-collateral/diamondz/renders/Diamondz_Prayer%20Hall1.jpg,2026-05-04 07:21:21
19775,DIAMONDZ,renders,Diamondz_Roof Top Pool bar.jpg,image/jpeg,41545377,https://danubeproperties.com/marketing-collateral/diamondz/renders/Diamondz_Roof%20Top%20Pool%20bar.jpg,2026-05-04 07:21:21
19775,DIAMONDZ,renders,Diamondz_Roof Top Pool bar1.jpg,image/jpeg,41545377,https://danubeproperties.com/marketing-collateral/diamondz/renders/Diamondz_Roof%20Top%20Pool%20bar1.jpg,2026-05-04 07:21:21
19775,DIAMONDZ,renders,Diamondz_SPA_01.jpg,image/jpeg,33632473,https://danubeproperties.com/marketing-collateral/diamondz/renders/Diamondz_SPA_01.jpg,2026-05-04 07:21:21
19775,DIAMONDZ,renders,Diamondz_SPA_011.jpg,image/jpeg,33632473,https://danubeproperties.com/marketing-collateral/diamondz/renders/Diamondz_SPA_011.jpg,2026-05-04 07:21:21
19775,DIAMONDZ,renders,Diamondz_V2-Day-0326.jpg,image/jpeg,11364793,https://danubeproperties.com/marketing-collateral/diamondz/renders/Diamondz_V2-Day-0326.jpg,2026-05-04 07:21:21
19775,DIAMONDZ,renders,Diamondz_V2-Day-03261.jpg,image/jpeg,11364793,https://danubeproperties.com/marketing-collateral/diamondz/renders/Diamondz_V2-Day-03261.jpg,2026-05-04 07:21:21
19775,DIAMONDZ,renders,Diamondz_V2-Night-0326_extended.jpg,image/jpeg,13361715,https://danubeproperties.com/marketing-collateral/diamondz/renders/Diamondz_V2-Night-0326_extended.jpg,2026-05-04 07:21:21
19775,DIAMONDZ,renders,Diamondz_V2-Night-0326_extended1.jpg,image/jpeg,13361715,https://danubeproperties.com/marketing-collateral/diamondz/renders/Diamondz_V2-Night-0326_extended1.jpg,2026-05-04 07:21:21
19775,DIAMONDZ,renders,Diamondz_b49ef059-3f41-4f02-a030-2ff7c7e846d5.jpg,image/jpeg,456234,https://danubeproperties.com/marketing-collateral/diamondz/renders/Diamondz_b49ef059-3f41-4f02-a030-2ff7c7e846d5.jpg,2026-05-04 07:21:21
19775,DIAMONDZ,renders,Diamondz_ecc72fc6-1f79-4c43-a1a0-7b7173aad789.jpg,image/jpeg,785993,https://danubeproperties.com/marketing-collateral/diamondz/renders/Diamondz_ecc72fc6-1f79-4c43-a1a0-7b7173aad789.jpg,2026-05-04 07:21:21
19775,DIAMONDZ,renders,Diamondz_ecc72fc6-1f79-4c43-a1a0-7b7173aad7891.jpg,image/jpeg,785993,https://danubeproperties.com/marketing-collateral/diamondz/renders/Diamondz_ecc72fc6-1f79-4c43-a1a0-7b7173aad7891.jpg,2026-05-04 07:21:21
19775,DIAMONDZ,renders,Diamondz_zumba.jpg,image/jpeg,45931220,https://danubeproperties.com/marketing-collateral/diamondz/renders/Diamondz_zumba.jpg,2026-05-04 07:21:21
19775,DIAMONDZ,renders,Diamondz_zumba1.jpg,image/jpeg,45931220,https://danubeproperties.com/marketing-collateral/diamondz/renders/Diamondz_zumba1.jpg,2026-05-04 07:21:21
19775,DIAMONDZ,renders,Diamondz_Изображение JPEG.jpeg,image/jpeg,490976,https://danubeproperties.com/marketing-collateral/diamondz/renders/Diamondz_%D0%98%D0%B7%D0%BE%D0%B1%D1%80%D0%B0%D0%B6%D0%B5%D0%BD%D0%B8%D0%B5%20JPEG.jpeg,2026-05-04 07:21:21
19775,DIAMONDZ,walkthrough,diamondz_walkthrough.mp4,video/mp4,67128729,https://danubeproperties.com/marketing-collateral/diamondz/walkthrough/diamondz_walkthrough.mp4,2026-05-04 07:29:50
19775,DIAMONDZ,videos,diamondz-studio.mp4,video/mp4,11906462,https://danubeproperties.com/marketing-collateral/diamondz/videos/diamondz-studio.mp4,2026-05-06 14:38:55
19775,DIAMONDZ,videos,diamondz-2bhk.mp4,video/mp4,31922677,https://danubeproperties.com/marketing-collateral/diamondz/videos/diamondz-2bhk.mp4,2026-05-06 14:39:27
130541,Timez,amenities,Timez 00018.jpg,image/jpeg,17917495,https://danubeproperties.com/marketing-collateral/timez/amenities/Timez%2000018.jpg,2026-04-01 09:57:17
130541,Timez,amenities,Timez Business_Center_1.jpg,image/jpeg,16509292,https://danubeproperties.com/marketing-collateral/timez/amenities/Timez%20Business_Center_1.jpg,2026-04-01 09:57:17
130541,Timez,amenities,Timez Gym-2.jpg,image/jpeg,5200446,https://danubeproperties.com/marketing-collateral/timez/amenities/Timez%20Gym-2.jpg,2026-04-01 09:57:17
130541,Timez,amenities,Timez Kidz Play area-2.jpg,image/jpeg,16376331,https://danubeproperties.com/marketing-collateral/timez/amenities/Timez%20Kidz%20Play%20area-2.jpg,2026-04-01 09:57:17
130541,Timez,amenities,Timez Kidz room-1.jpg,image/jpeg,8160048,https://danubeproperties.com/marketing-collateral/timez/amenities/Timez%20Kidz%20room-1.jpg,2026-04-01 09:57:17
130541,Timez,amenities,Timez LIBRARY-2.jpg,image/jpeg,20000720,https://danubeproperties.com/marketing-collateral/timez/amenities/Timez%20LIBRARY-2.jpg,2026-04-01 09:57:17
130541,Timez,amenities,Timez Podium View 2.jpg,image/jpeg,27542169,https://danubeproperties.com/marketing-collateral/timez/amenities/Timez%20Podium%20View%202.jpg,2026-04-01 09:57:17
130541,Timez,amenities,Timez Prayer Hall.jpg,image/jpeg,22956723,https://danubeproperties.com/marketing-collateral/timez/amenities/Timez%20Prayer%20Hall.jpg,2026-04-01 09:57:17
130541,Timez,amenities,Timez pool-1.jpg,image/jpeg,21382458,https://danubeproperties.com/marketing-collateral/timez/amenities/Timez%20pool-1.jpg,2026-04-01 09:57:17
130541,Timez,exteriors,Timez Balcony View-1-2.jpg,image/jpeg,14499673,https://danubeproperties.com/marketing-collateral/timez/exteriors/Timez%20Balcony%20View-1-2.jpg,2026-04-01 09:57:17
130541,Timez,exteriors,Timez Balcony View2-2.jpg,image/jpeg,10084122,https://danubeproperties.com/marketing-collateral/timez/exteriors/Timez%20Balcony%20View2-2.jpg,2026-04-01 09:57:17
130541,Timez,exteriors,Timez Danube_Timez_Hero1 .jpg,image/jpeg,154878598,https://danubeproperties.com/marketing-collateral/timez/exteriors/Timez%20Danube_Timez_Hero1%20.jpg,2026-04-01 09:57:17
130541,Timez,exteriors,Timez Danube_Timez_Hero2.jpg,image/jpeg,39101579,https://danubeproperties.com/marketing-collateral/timez/exteriors/Timez%20Danube_Timez_Hero2.jpg,2026-04-01 09:57:17
130541,Timez,exteriors,Timez Private_pool_in_apartment.jpg,image/jpeg,15214298,https://danubeproperties.com/marketing-collateral/timez/exteriors/Timez%20Private_pool_in_apartment.jpg,2026-04-01 09:57:17
130541,Timez,interiors,Timez 1BHK-01.jpg,image/jpeg,6640701,https://danubeproperties.com/marketing-collateral/timez/interiors/Timez%201BHK-01.jpg,2026-04-01 09:57:17
130541,Timez,interiors,Timez 1BHK-02.jpg,image/jpeg,6713497,https://danubeproperties.com/marketing-collateral/timez/interiors/Timez%201BHK-02.jpg,2026-04-01 09:57:17
130541,Timez,interiors,Timez BHK01.jpg,image/jpeg,13381302,https://danubeproperties.com/marketing-collateral/timez/interiors/Timez%20BHK01.jpg,2026-04-01 09:57:17
130541,Timez,interiors,Timez Entrance.jpg,image/jpeg,8303248,https://danubeproperties.com/marketing-collateral/timez/interiors/Timez%20Entrance.jpg,2026-04-01 09:57:17
130541,Timez,interiors,Timez Kitchen.jpg,image/jpeg,5475171,https://danubeproperties.com/marketing-collateral/timez/interiors/Timez%20Kitchen.jpg,2026-04-01 09:57:17
130541,Timez,interiors,Timez Lobby-1.jpg,image/jpeg,14959503,https://danubeproperties.com/marketing-collateral/timez/interiors/Timez%20Lobby-1.jpg,2026-04-01 09:57:17
130541,Timez,interiors,Timez Lobby-2.jpg,image/jpeg,15143164,https://danubeproperties.com/marketing-collateral/timez/interiors/Timez%20Lobby-2.jpg,2026-04-01 09:57:17
130541,Timez,interiors,Timez Studio-01.jpg,image/jpeg,9905796,https://danubeproperties.com/marketing-collateral/timez/interiors/Timez%20Studio-01.jpg,2026-04-01 09:57:17
130541,Timez,interiors,Timez Studio-02.jpg,image/jpeg,10833529,https://danubeproperties.com/marketing-collateral/timez/interiors/Timez%20Studio-02.jpg,2026-04-01 09:57:17
130541,Timez,interiors,Timez Studio02-washroom-final.jpg,image/jpeg,36591189,https://danubeproperties.com/marketing-collateral/timez/interiors/Timez%20Studio02-washroom-final.jpg,2026-04-01 09:57:17
130541,Timez,brochures,Timez_brochure_AR.pdf,application/pdf,20867964,https://danubeproperties.com/marketing-collateral/timez/brochures/Timez_brochure_AR.pdf,2026-04-01 09:57:17
130541,Timez,brochures,Timez_brochure_EN.pdf,application/pdf,11147654,https://danubeproperties.com/marketing-collateral/timez/brochures/Timez_brochure_EN.pdf,2026-04-01 09:57:17
130541,Timez,factsheet,Timez_A4_factsheet_EN.pdf,application/pdf,1824404,https://danubeproperties.com/marketing-collateral/timez/factsheet/Timez_A4_factsheet_EN.pdf,2026-04-01 09:57:17
130541,Timez,social-media,Timez Timez Lifestyle with QR Code.mp4,video/mp4,22164032,https://danubeproperties.com/marketing-collateral/timez/social-media/Timez%20Timez%20Lifestyle%20with%20QR%20Code.mp4,2026-04-01 09:57:17
130541,Timez,social-media,Timez before and after.mp4,video/mp4,86856002,https://danubeproperties.com/marketing-collateral/timez/social-media/Timez%20before%20and%20after.mp4,2026-04-01 09:57:17
130541,Timez,social-media,Timez timez studio .mp4,video/mp4,67029445,https://danubeproperties.com/marketing-collateral/timez/social-media/Timez%20timez%20studio%20.mp4,2026-04-01 09:57:17
130541,Timez,floor-plans,timez-retail-floor-plan.pdf,application/pdf,23803373,https://danubeproperties.com/marketing-collateral/timez/floor-plans/timez-retail-floor-plan.pdf,2026-05-04 09:05:27
130541,Timez,floor-plans,timez_floor_plans.pdf,application/pdf,12555166,https://danubeproperties.com/marketing-collateral/timez/floor-plans/timez_floor_plans.pdf,2026-05-04 09:12:18
130541,Timez,videos,timez-flex-1bed.mp4,application/octet-stream,11252135,https://danubeproperties.com/marketing-collateral/timez/videos/timez-flex-1bed.mp4,2026-05-07 06:45:56
130541,Timez,videos,timez-flex-studio.mp4,video/mp4,4137959,https://danubeproperties.com/marketing-collateral/timez/videos/timez-flex-studio.mp4,2026-05-07 06:46:00
28342,Bayz 102,amenities,Bayz 102 Aquatic Gym.jpg,image/jpeg,41996672,https://danubeproperties.com/marketing-collateral/bayz-102/amenities/Bayz%20102%20Aquatic%20Gym.jpg,2026-04-01 09:57:02
28342,Bayz 102,amenities,Bayz 102 Beauty Salon.jpg,image/jpeg,11821499,https://danubeproperties.com/marketing-collateral/bayz-102/amenities/Bayz%20102%20Beauty%20Salon.jpg,2026-04-01 09:57:02
28342,Bayz 102,amenities,Bayz 102 Business Centre.jpg,image/jpeg,6465577,https://danubeproperties.com/marketing-collateral/bayz-102/amenities/Bayz%20102%20Business%20Centre.jpg,2026-04-01 09:57:02
28342,Bayz 102,amenities,Bayz 102 Infinity Pool-final.jpg,image/jpeg,53541239,https://danubeproperties.com/marketing-collateral/bayz-102/amenities/Bayz%20102%20Infinity%20Pool-final.jpg,2026-04-01 09:57:02
28342,Bayz 102,amenities,Bayz 102 Infinity Pool-final_6sep.jpg,image/jpeg,50344815,https://danubeproperties.com/marketing-collateral/bayz-102/amenities/Bayz%20102%20Infinity%20Pool-final_6sep.jpg,2026-04-01 09:57:02
28342,Bayz 102,amenities,Bayz 102 Library.jpg,image/jpeg,26899100,https://danubeproperties.com/marketing-collateral/bayz-102/amenities/Bayz%20102%20Library.jpg,2026-04-01 09:57:02
28342,Bayz 102,amenities,Bayz 102 Pool with View-final.jpg,image/jpeg,41015241,https://danubeproperties.com/marketing-collateral/bayz-102/amenities/Bayz%20102%20Pool%20with%20View-final.jpg,2026-04-01 09:57:02
28342,Bayz 102,amenities,Bayz 102 magnific-iMHpcJicBG9w4nNcgxyc-Indoor Gym - Option 1.jpg,image/jpeg,48703847,https://danubeproperties.com/marketing-collateral/bayz-102/amenities/Bayz%20102%20magnific-iMHpcJicBG9w4nNcgxyc-Indoor%20Gym%20-%20Option%201.jpg,2026-04-01 09:57:02
28342,Bayz 102,exteriors,Bayz 102 70ea3f07-3fb1-4976-8aa4-1f22fa5748de.jpg,image/jpeg,439383,https://danubeproperties.com/marketing-collateral/bayz-102/exteriors/Bayz%20102%2070ea3f07-3fb1-4976-8aa4-1f22fa5748de.jpg,2026-04-01 09:57:02
28342,Bayz 102,exteriors,Bayz 102 Air Taxi Hero Shot 8k.jpg,image/jpeg,34703920,https://danubeproperties.com/marketing-collateral/bayz-102/exteriors/Bayz%20102%20Air%20Taxi%20Hero%20Shot%208k.jpg,2026-04-01 09:57:02
28342,Bayz 102,exteriors,Bayz 102 View1_Day_Final.jpg,image/jpeg,38829185,https://danubeproperties.com/marketing-collateral/bayz-102/exteriors/Bayz%20102%20View1_Day_Final.jpg,2026-04-01 09:57:02
28342,Bayz 102,exteriors,Bayz 102 View1_Night_Final_Option1.jpg,image/jpeg,41575476,https://danubeproperties.com/marketing-collateral/bayz-102/exteriors/Bayz%20102%20View1_Night_Final_Option1.jpg,2026-04-01 09:57:02
28342,Bayz 102,exteriors,Bayz 102 View5_Twilight_Final.jpg,image/jpeg,49899755,https://danubeproperties.com/marketing-collateral/bayz-102/exteriors/Bayz%20102%20View5_Twilight_Final.jpg,2026-04-01 09:57:02
28342,Bayz 102,exteriors,Bayz 102 View7_Day_Final.jpg,image/jpeg,36458922,https://danubeproperties.com/marketing-collateral/bayz-102/exteriors/Bayz%20102%20View7_Day_Final.jpg,2026-04-01 09:57:02
28342,Bayz 102,exteriors,Bayz 102 View7_Night_Final_Option1.jpg,image/jpeg,41861520,https://danubeproperties.com/marketing-collateral/bayz-102/exteriors/Bayz%20102%20View7_Night_Final_Option1.jpg,2026-04-01 09:57:02
28342,Bayz 102,interiors,Bayz 102 2BHK Guest Bedroom_upscayl_4x_realesrgan-x4plus-final.jpg,image/jpeg,32312904,https://danubeproperties.com/marketing-collateral/bayz-102/interiors/Bayz%20102%202BHK%20Guest%20Bedroom_upscayl_4x_realesrgan-x4plus-final.jpg,2026-04-01 09:57:02
28342,Bayz 102,interiors,Bayz 102 2BHK Kitchen.jpg,image/jpeg,25642339,https://danubeproperties.com/marketing-collateral/bayz-102/interiors/Bayz%20102%202BHK%20Kitchen.jpg,2026-04-01 09:57:02
28342,Bayz 102,interiors,Bayz 102 2BHK Living & Kitchen_final.jpg,image/jpeg,31786687,https://danubeproperties.com/marketing-collateral/bayz-102/interiors/Bayz%20102%202BHK%20Living%20%26%20Kitchen_final.jpg,2026-04-01 09:57:02
28342,Bayz 102,interiors,Bayz 102 2BHK Master Bathroom.jpg,image/jpeg,5783624,https://danubeproperties.com/marketing-collateral/bayz-102/interiors/Bayz%20102%202BHK%20Master%20Bathroom.jpg,2026-04-01 09:57:02
28342,Bayz 102,interiors,Bayz 102 Bayz 102 Bathroom_Final_V2-final.jpg,image/jpeg,42536748,https://danubeproperties.com/marketing-collateral/bayz-102/interiors/Bayz%20102%20Bayz%20102%20Bathroom_Final_V2-final.jpg,2026-04-01 09:57:02
28342,Bayz 102,interiors,Bayz 102 Lift Lobby.jpg,image/jpeg,5682067,https://danubeproperties.com/marketing-collateral/bayz-102/interiors/Bayz%20102%20Lift%20Lobby.jpg,2026-04-01 09:57:02
28342,Bayz 102,interiors,Bayz 102 Reception Lobby.jpg,image/jpeg,27282739,https://danubeproperties.com/marketing-collateral/bayz-102/interiors/Bayz%20102%20Reception%20Lobby.jpg,2026-04-01 09:57:02
28342,Bayz 102,interiors,Bayz 102 Studio - View 1-final.jpg,image/jpeg,37403236,https://danubeproperties.com/marketing-collateral/bayz-102/interiors/Bayz%20102%20Studio%20-%20View%201-final.jpg,2026-04-01 09:57:02
28342,Bayz 102,brochures,BAYZ102中文楼书.pdf,application/pdf,26491629,https://danubeproperties.com/marketing-collateral/bayz-102/brochures/BAYZ102%E4%B8%AD%E6%96%87%E6%A5%BC%E4%B9%A6.pdf,2026-04-01 09:57:02
28342,Bayz 102,brochures,Bayz 102 Penthouse_brochure.pdf,application/pdf,13766179,https://danubeproperties.com/marketing-collateral/bayz-102/brochures/Bayz%20102%20Penthouse_brochure.pdf,2026-04-01 09:57:02
28342,Bayz 102,brochures,Bayz 102 Penthouse_brochure_RU.pdf,application/pdf,9064769,https://danubeproperties.com/marketing-collateral/bayz-102/brochures/Bayz%20102%20Penthouse_brochure_RU.pdf,2026-04-01 09:57:02
28342,Bayz 102,brochures,Bayz_102_brochure_AR.pdf,application/pdf,18724516,https://danubeproperties.com/marketing-collateral/bayz-102/brochures/Bayz_102_brochure_AR.pdf,2026-04-01 09:57:02
28342,Bayz 102,brochures,Bayz_102_brochure_EN.pdf,application/pdf,15489941,https://danubeproperties.com/marketing-collateral/bayz-102/brochures/Bayz_102_brochure_EN.pdf,2026-04-01 09:57:02
28342,Bayz 102,brochures,Bayz_102_brochure_FR.pdf,application/pdf,15513726,https://danubeproperties.com/marketing-collateral/bayz-102/brochures/Bayz_102_brochure_FR.pdf,2026-04-01 09:57:02
28342,Bayz 102,brochures,Bayz_102_brochure_RU.pdf,application/pdf,18672046,https://danubeproperties.com/marketing-collateral/bayz-102/brochures/Bayz_102_brochure_RU.pdf,2026-04-01 09:57:02
28342,Bayz 102,factsheet,Bayz102_A4_factsheet_EN.pdf,application/pdf,1749794,https://danubeproperties.com/marketing-collateral/bayz-102/factsheet/Bayz102_A4_factsheet_EN.pdf,2026-04-01 09:57:02
28342,Bayz 102,floor-plans,Bayz102_floor_plans_ver4.pdf,application/pdf,16812426,https://danubeproperties.com/marketing-collateral/bayz-102/floor-plans/Bayz102_floor_plans_ver4.pdf,2026-04-01 09:57:02
28342,Bayz 102,floor-plans,Penthouses_Bayz102_floor_plan.pdf,application/pdf,9979530,https://danubeproperties.com/marketing-collateral/bayz-102/floor-plans/Penthouses_Bayz102_floor_plan.pdf,2026-04-01 09:57:02
28342,Bayz 102,renders,Bayz 102 Penthouse Exterior cam3.jpg,image/jpeg,5900889,https://danubeproperties.com/marketing-collateral/bayz-102/renders/Bayz%20102%20Penthouse%20Exterior%20cam3.jpg,2026-04-01 09:57:02
28342,Bayz 102,renders,Bayz 102 Penthouse Exterior cam4_rev.jpg,image/jpeg,4916072,https://danubeproperties.com/marketing-collateral/bayz-102/renders/Bayz%20102%20Penthouse%20Exterior%20cam4_rev.jpg,2026-04-01 09:57:02
28342,Bayz 102,renders,Bayz 102 Penthouse Exterior cam5_rev.jpg,image/jpeg,4536190,https://danubeproperties.com/marketing-collateral/bayz-102/renders/Bayz%20102%20Penthouse%20Exterior%20cam5_rev.jpg,2026-04-01 09:57:02
28342,Bayz 102,renders,Bayz 102 Penthouse Kitchen_F.jpg,image/jpeg,6208798,https://danubeproperties.com/marketing-collateral/bayz-102/renders/Bayz%20102%20Penthouse%20Kitchen_F.jpg,2026-04-01 09:57:02
28342,Bayz 102,renders,Bayz 102 Penthouse Lift_F.jpg,image/jpeg,6196456,https://danubeproperties.com/marketing-collateral/bayz-102/renders/Bayz%20102%20Penthouse%20Lift_F.jpg,2026-04-01 09:57:02
28342,Bayz 102,renders,Bayz 102 Penthouse Living Cam1_F.jpg,image/jpeg,5560957,https://danubeproperties.com/marketing-collateral/bayz-102/renders/Bayz%20102%20Penthouse%20Living%20Cam1_F.jpg,2026-04-01 09:57:02
28342,Bayz 102,renders,Bayz 102 Penthouse Master Bath_2 HR.jpg,image/jpeg,5743993,https://danubeproperties.com/marketing-collateral/bayz-102/renders/Bayz%20102%20Penthouse%20Master%20Bath_2%20HR.jpg,2026-04-01 09:57:02
28342,Bayz 102,renders,Bayz 102 Penthouse Master Bedroom 2 Flip Cam1 HR.jpg,image/jpeg,5309305,https://danubeproperties.com/marketing-collateral/bayz-102/renders/Bayz%20102%20Penthouse%20Master%20Bedroom%202%20Flip%20Cam1%20HR.jpg,2026-04-01 09:57:02
28342,Bayz 102,renders,Bayz 102 Penthouse Master Bedroom 2 Flip Cam2 HR.jpg,image/jpeg,5420305,https://danubeproperties.com/marketing-collateral/bayz-102/renders/Bayz%20102%20Penthouse%20Master%20Bedroom%202%20Flip%20Cam2%20HR.jpg,2026-04-01 09:57:02
28342,Bayz 102,renders,Bayz 102 Penthouse Stair_F.jpg,image/jpeg,5623331,https://danubeproperties.com/marketing-collateral/bayz-102/renders/Bayz%20102%20Penthouse%20Stair_F.jpg,2026-04-01 09:57:02
28342,Bayz 102,renders,Bayz 102 Penthouse_Bedroom 4_Final.jpg,image/jpeg,5019075,https://danubeproperties.com/marketing-collateral/bayz-102/renders/Bayz%20102%20Penthouse_Bedroom%204_Final.jpg,2026-04-01 09:57:02
28342,Bayz 102,renders,Bayz 102 Upper Bathroom_Final.jpg,image/jpeg,5269871,https://danubeproperties.com/marketing-collateral/bayz-102/renders/Bayz%20102%20Upper%20Bathroom_Final.jpg,2026-04-01 09:57:02
28342,Bayz 102,videos,bayz102-2bhk.mp4,video/mp4,28694932,https://danubeproperties.com/marketing-collateral/bayz-102/videos/bayz102-2bhk.mp4,2026-05-06 14:34:23
28342,Bayz 102,videos,bayz102-studio.mp4,video/mp4,14051816,https://danubeproperties.com/marketing-collateral/bayz-102/videos/bayz102-studio.mp4,2026-05-06 14:34:31
28342,Bayz 102,videos,walkthrough_bayz102.mp4,video/mp4,16743823,https://danubeproperties.com/marketing-collateral/bayz-102/videos/walkthrough_bayz102.mp4,2026-05-18 06:20:33
28760,Oasiz,amenities,Oasiz_Danube Oasiz_Balcony View2_Final.jpg,image/jpeg,24841712,https://danubeproperties.com/marketing-collateral/oasiz/amenities/Oasiz_Danube%20Oasiz_Balcony%20View2_Final.jpg,2026-04-01 09:56:47
28760,Oasiz,amenities,Oasiz_Daycare.jpg,image/jpeg,12137474,https://danubeproperties.com/marketing-collateral/oasiz/amenities/Oasiz_Daycare.jpg,2026-04-01 09:56:47
28760,Oasiz,amenities,Oasiz_Gym V3.jpg,image/jpeg,6620136,https://danubeproperties.com/marketing-collateral/oasiz/amenities/Oasiz_Gym%20V3.jpg,2026-04-01 09:56:47
28760,Oasiz,amenities,Oasiz_Podium Pool 3 V3.jpg,image/jpeg,10075452,https://danubeproperties.com/marketing-collateral/oasiz/amenities/Oasiz_Podium%20Pool%203%20V3.jpg,2026-04-01 09:56:47
28760,Oasiz,amenities,Oasiz_Podium View 2.jpg,image/jpeg,27542169,https://danubeproperties.com/marketing-collateral/oasiz/amenities/Oasiz_Podium%20View%202.jpg,2026-04-01 09:56:47
28760,Oasiz,amenities,Oasiz_Podium View 4.jpg,image/jpeg,25957984,https://danubeproperties.com/marketing-collateral/oasiz/amenities/Oasiz_Podium%20View%204.jpg,2026-04-01 09:56:47
28760,Oasiz,amenities,Oasiz_Roof Pool Night V2.jpg,image/jpeg,10950577,https://danubeproperties.com/marketing-collateral/oasiz/amenities/Oasiz_Roof%20Pool%20Night%20V2.jpg,2026-04-01 09:56:47
28760,Oasiz,amenities,Oasiz_c3c4192c-44e6-49ed-aa5f-53e3c398995b.jpg,image/jpeg,378486,https://danubeproperties.com/marketing-collateral/oasiz/amenities/Oasiz_c3c4192c-44e6-49ed-aa5f-53e3c398995b.jpg,2026-04-01 09:56:47
28760,Oasiz,exteriors,1fae47ca-67c2-4f45-8eec-e4b6de9d0896.jpg,image/jpeg,627965,https://danubeproperties.com/marketing-collateral/oasiz/exteriors/1fae47ca-67c2-4f45-8eec-e4b6de9d0896.jpg,2026-04-01 09:56:47
28760,Oasiz,exteriors,Danube Oasiz_Balcony View3_Final_R1.jpg,image/jpeg,28468601,https://danubeproperties.com/marketing-collateral/oasiz/exteriors/Danube%20Oasiz_Balcony%20View3_Final_R1.jpg,2026-04-01 09:56:47
28760,Oasiz,exteriors,Danube Oasiz_Hero Shot 3Day_Final rev.jpg,image/jpeg,25229715,https://danubeproperties.com/marketing-collateral/oasiz/exteriors/Danube%20Oasiz_Hero%20Shot%203Day_Final%20rev.jpg,2026-04-01 09:56:47
28760,Oasiz,exteriors,Danube Oasiz_Hero Shot 3_Final.jpg,image/jpeg,31339032,https://danubeproperties.com/marketing-collateral/oasiz/exteriors/Danube%20Oasiz_Hero%20Shot%203_Final.jpg,2026-04-01 09:56:47
28760,Oasiz,exteriors,Drop Off Area_Final V2.jpg,image/jpeg,28028509,https://danubeproperties.com/marketing-collateral/oasiz/exteriors/Drop%20Off%20Area_Final%20V2.jpg,2026-04-01 09:56:47
28760,Oasiz,exteriors,Private_pool.jpg,image/jpeg,24841712,https://danubeproperties.com/marketing-collateral/oasiz/exteriors/Private_pool.jpg,2026-04-01 09:56:47
28760,Oasiz,interiors,Oasiz_1 BHK Living and TV Area.jpg,image/jpeg,12123708,https://danubeproperties.com/marketing-collateral/oasiz/interiors/Oasiz_1%20BHK%20Living%20and%20TV%20Area.jpg,2026-04-01 09:56:47
28760,Oasiz,interiors,Oasiz_1BHK Dining Kitchen.jpg,image/jpeg,8055302,https://danubeproperties.com/marketing-collateral/oasiz/interiors/Oasiz_1BHK%20Dining%20Kitchen.jpg,2026-04-01 09:56:47
28760,Oasiz,interiors,Oasiz_1BHK Living.jpg,image/jpeg,10500100,https://danubeproperties.com/marketing-collateral/oasiz/interiors/Oasiz_1BHK%20Living.jpg,2026-04-01 09:56:47
28760,Oasiz,interiors,Oasiz_Bathroom 1.jpg,image/jpeg,37654786,https://danubeproperties.com/marketing-collateral/oasiz/interiors/Oasiz_Bathroom%201.jpg,2026-04-01 09:56:47
28760,Oasiz,interiors,Oasiz_Bedroom.jpg,image/jpeg,9203327,https://danubeproperties.com/marketing-collateral/oasiz/interiors/Oasiz_Bedroom.jpg,2026-04-01 09:56:47
28760,Oasiz,interiors,Oasiz_Lift Lobby_Camera 2.jpg,image/jpeg,15924728,https://danubeproperties.com/marketing-collateral/oasiz/interiors/Oasiz_Lift%20Lobby_Camera%202.jpg,2026-04-01 09:56:47
28760,Oasiz,interiors,Oasiz_Reception Lobby 2.jpg,image/jpeg,8895277,https://danubeproperties.com/marketing-collateral/oasiz/interiors/Oasiz_Reception%20Lobby%202.jpg,2026-04-01 09:56:47
28760,Oasiz,interiors,Oasiz_Reception Lobby 3.jpg,image/jpeg,13346640,https://danubeproperties.com/marketing-collateral/oasiz/interiors/Oasiz_Reception%20Lobby%203.jpg,2026-04-01 09:56:47
28760,Oasiz,interiors,Oasiz_be4207b8-406c-4508-b9b5-e427970e998f.jpg,image/jpeg,335673,https://danubeproperties.com/marketing-collateral/oasiz/interiors/Oasiz_be4207b8-406c-4508-b9b5-e427970e998f.jpg,2026-04-01 09:56:47
28760,Oasiz,brochures,Oasiz_brochure_AR.pdf,application/pdf,9312619,https://danubeproperties.com/marketing-collateral/oasiz/brochures/Oasiz_brochure_AR.pdf,2026-04-01 09:56:47
28760,Oasiz,brochures,Oasiz_brochure_FR.pdf,application/pdf,7302806,https://danubeproperties.com/marketing-collateral/oasiz/brochures/Oasiz_brochure_FR.pdf,2026-04-01 09:56:47
28760,Oasiz,brochures,Oasiz_brochure_RU.pdf,application/pdf,13727235,https://danubeproperties.com/marketing-collateral/oasiz/brochures/Oasiz_brochure_RU.pdf,2026-04-01 09:56:47
28760,Oasiz,brochures,Oasiz_brochure_final.pdf,application/pdf,21415172,https://danubeproperties.com/marketing-collateral/oasiz/brochures/Oasiz_brochure_final.pdf,2026-04-01 09:56:47
28760,Oasiz,brochures,Oasiz中文版楼书.pdf,application/pdf,46573936,https://danubeproperties.com/marketing-collateral/oasiz/brochures/Oasiz%E4%B8%AD%E6%96%87%E7%89%88%E6%A5%BC%E4%B9%A6.pdf,2026-04-01 09:56:47
28760,Oasiz,factsheet,Oasiz_A4_factsheet_EN.pdf,application/pdf,1521889,https://danubeproperties.com/marketing-collateral/oasiz/factsheet/Oasiz_A4_factsheet_EN.pdf,2026-04-01 09:56:47
28760,Oasiz,floor-plans,Oasiz_floor_plans_ver1.pdf,application/pdf,6258039,https://danubeproperties.com/marketing-collateral/oasiz/floor-plans/Oasiz_floor_plans_ver1.pdf,2026-04-01 09:56:47
28760,Oasiz,floor-plans,oasiz-1-retail-floor-plan.pdf,application/pdf,949292,https://danubeproperties.com/marketing-collateral/oasiz/floor-plans/oasiz-1-retail-floor-plan.pdf,2026-05-11 06:31:41
28760,Oasiz,brokers-social-media,Brokers_-01_EN.jpg,image/jpeg,2603660,https://danubeproperties.com/marketing-collateral/oasiz/brokers-social-media/Brokers_-01_EN.jpg,2026-04-01 09:56:47
28760,Oasiz,brokers-social-media,Brokers_-02_EN.jpg,image/jpeg,2412678,https://danubeproperties.com/marketing-collateral/oasiz/brokers-social-media/Brokers_-02_EN.jpg,2026-04-01 09:56:47
28760,Oasiz,brokers-social-media,Brokers_-03_EN.jpg,image/jpeg,2174795,https://danubeproperties.com/marketing-collateral/oasiz/brokers-social-media/Brokers_-03_EN.jpg,2026-04-01 09:56:47
28760,Oasiz,brokers-social-media,Brokers_-04_EN.jpg,image/jpeg,1949720,https://danubeproperties.com/marketing-collateral/oasiz/brokers-social-media/Brokers_-04_EN.jpg,2026-04-01 09:56:47
28760,Oasiz,brokers-social-media,Brokers_-05_AR.jpg,image/jpeg,2608272,https://danubeproperties.com/marketing-collateral/oasiz/brokers-social-media/Brokers_-05_AR.jpg,2026-04-01 09:56:47
28760,Oasiz,brokers-social-media,Brokers_-06_AR.jpg,image/jpeg,2272781,https://danubeproperties.com/marketing-collateral/oasiz/brokers-social-media/Brokers_-06_AR.jpg,2026-04-01 09:56:47
28760,Oasiz,brokers-social-media,Brokers_-07_AR.jpg,image/jpeg,2140451,https://danubeproperties.com/marketing-collateral/oasiz/brokers-social-media/Brokers_-07_AR.jpg,2026-04-01 09:56:47
28760,Oasiz,brokers-social-media,Brokers_-08_AR.jpg,image/jpeg,1914535,https://danubeproperties.com/marketing-collateral/oasiz/brokers-social-media/Brokers_-08_AR.jpg,2026-04-01 09:56:47
28760,Oasiz,videos,oasiz-life-style-video.mp4,video/mp4,51402815,https://danubeproperties.com/marketing-collateral/oasiz/videos/oasiz-life-style-video.mp4,2026-05-06 14:46:54
29654,Oasiz 2,brochures,oasiz2_brochure_en.pdf,application/pdf,9560288,https://danubeproperties.com/marketing-collateral/oasiz-2/brochures/oasiz2_brochure_en.pdf,2026-04-01 09:56:30
29654,Oasiz 2,floor-plans,oasiz2_floor_plans_ver1.pdf,application/pdf,8972571,https://danubeproperties.com/marketing-collateral/oasiz-2/floor-plans/oasiz2_floor_plans_ver1.pdf,2026-04-01 09:56:30
29654,Oasiz 2,renders,OASIZ 2_cam1_F_rev.jpg,image/jpeg,49135534,https://danubeproperties.com/marketing-collateral/oasiz-2/renders/OASIZ%202_cam1_F_rev.jpg,2026-04-01 09:56:30
29654,Oasiz 2,renders,OASIZ 2_cam2_F_rev.jpg,image/jpeg,50289230,https://danubeproperties.com/marketing-collateral/oasiz-2/renders/OASIZ%202_cam2_F_rev.jpg,2026-04-01 09:56:30
29654,Oasiz 2,renders,OASIZ 2_cam3N_F_rev.jpg,image/jpeg,30804517,https://danubeproperties.com/marketing-collateral/oasiz-2/renders/OASIZ%202_cam3N_F_rev.jpg,2026-04-01 09:56:30
29654,Oasiz 2,renders,OASIZ 2_cam4N_F_rev.jpg,image/jpeg,35573251,https://danubeproperties.com/marketing-collateral/oasiz-2/renders/OASIZ%202_cam4N_F_rev.jpg,2026-04-01 09:56:30
29654,Oasiz 2,renders,OASIZ 2_cam5_F_rev.jpg,image/jpeg,47521653,https://danubeproperties.com/marketing-collateral/oasiz-2/renders/OASIZ%202_cam5_F_rev.jpg,2026-04-01 09:56:30
14576,BAYZ101,amenities,Bayz101_Bowling.jpg,image/jpeg,23358540,https://danubeproperties.com/marketing-collateral/bayz101/amenities/Bayz101_Bowling.jpg,2026-04-01 09:56:18
14576,BAYZ101,amenities,Bayz101_Business center.jpg,image/jpeg,25586328,https://danubeproperties.com/marketing-collateral/bayz101/amenities/Bayz101_Business%20center.jpg,2026-04-01 09:56:18
14576,BAYZ101,amenities,Bayz101_GOLF SIMULATOR.jpg,image/jpeg,17161870,https://danubeproperties.com/marketing-collateral/bayz101/amenities/Bayz101_GOLF%20SIMULATOR.jpg,2026-04-01 09:56:18
14576,BAYZ101,amenities,Bayz101_Gym.jpg,image/jpeg,31146346,https://danubeproperties.com/marketing-collateral/bayz101/amenities/Bayz101_Gym.jpg,2026-04-01 09:56:18
14576,BAYZ101,amenities,Bayz101_Library.jpg,image/jpeg,13400065,https://danubeproperties.com/marketing-collateral/bayz101/amenities/Bayz101_Library.jpg,2026-04-01 09:56:18
14576,BAYZ101,amenities,Bayz101_SWING_.jpg,image/jpeg,60472169,https://danubeproperties.com/marketing-collateral/bayz101/amenities/Bayz101_SWING_.jpg,2026-04-01 09:56:18
14576,BAYZ101,amenities,Bayz101_Salon A.jpg,image/jpeg,26468815,https://danubeproperties.com/marketing-collateral/bayz101/amenities/Bayz101_Salon%20A.jpg,2026-04-01 09:56:18
14576,BAYZ101,amenities,Bayz101_Tennis Court.jpg,image/jpeg,39245464,https://danubeproperties.com/marketing-collateral/bayz101/amenities/Bayz101_Tennis%20Court.jpg,2026-04-01 09:56:18
14576,BAYZ101,exteriors,Bayz101_INFINITY POOL v002.jpg,image/jpeg,25744665,https://danubeproperties.com/marketing-collateral/bayz101/exteriors/Bayz101_INFINITY%20POOL%20v002.jpg,2026-04-01 09:56:18
14576,BAYZ101,exteriors,Bayz101_New V003.jpg,image/jpeg,38355368,https://danubeproperties.com/marketing-collateral/bayz101/exteriors/Bayz101_New%20V003.jpg,2026-04-01 09:56:18
14576,BAYZ101,exteriors,Bayz101_PRIVATE POOL BALCONY V004.jpg,image/jpeg,52532827,https://danubeproperties.com/marketing-collateral/bayz101/exteriors/Bayz101_PRIVATE%20POOL%20BALCONY%20V004.jpg,2026-04-01 09:56:18
14576,BAYZ101,exteriors,Bayz101_SCENE 22_DAY.jpg,image/jpeg,6918597,https://danubeproperties.com/marketing-collateral/bayz101/exteriors/Bayz101_SCENE%2022_DAY.jpg,2026-04-01 09:56:18
14576,BAYZ101,exteriors,Bayz101_SCENE_1_NIGHT_WIDE.jpg,image/jpeg,21361410,https://danubeproperties.com/marketing-collateral/bayz101/exteriors/Bayz101_SCENE_1_NIGHT_WIDE.jpg,2026-04-01 09:56:18
14576,BAYZ101,exteriors,Bayz101_VIEW 19 NIGHT.jpg,image/jpeg,43265528,https://danubeproperties.com/marketing-collateral/bayz101/exteriors/Bayz101_VIEW%2019%20NIGHT.jpg,2026-04-01 09:56:18
14576,BAYZ101,exteriors,Bayz101_c2.jpg,image/jpeg,36084218,https://danubeproperties.com/marketing-collateral/bayz101/exteriors/Bayz101_c2.jpg,2026-04-01 09:56:18
14576,BAYZ101,exteriors,Bayz101_c3.jpg,image/jpeg,54504679,https://danubeproperties.com/marketing-collateral/bayz101/exteriors/Bayz101_c3.jpg,2026-04-01 09:56:18
14576,BAYZ101,interiors,Bayz101_1 copy.jpg,image/jpeg,14940205,https://danubeproperties.com/marketing-collateral/bayz101/interiors/Bayz101_1%20copy.jpg,2026-04-01 09:56:18
14576,BAYZ101,interiors,Bayz101_11.jpg,image/jpeg,26864405,https://danubeproperties.com/marketing-collateral/bayz101/interiors/Bayz101_11.jpg,2026-04-01 09:56:18
14576,BAYZ101,interiors,Bayz101_2bhk-GUEST BATHROOM.jpg,image/jpeg,1814785,https://danubeproperties.com/marketing-collateral/bayz101/interiors/Bayz101_2bhk-GUEST%20BATHROOM.jpg,2026-04-01 09:56:18
14576,BAYZ101,interiors,Bayz101_2bhk-MASTER BATHROOM.jpg,image/jpeg,6877399,https://danubeproperties.com/marketing-collateral/bayz101/interiors/Bayz101_2bhk-MASTER%20BATHROOM.jpg,2026-04-01 09:56:18
14576,BAYZ101,interiors,Bayz101_Kitchen.jpg,image/jpeg,23248324,https://danubeproperties.com/marketing-collateral/bayz101/interiors/Bayz101_Kitchen.jpg,2026-04-01 09:56:18
14576,BAYZ101,interiors,Bayz101_Living_room.jpg,image/jpeg,14221714,https://danubeproperties.com/marketing-collateral/bayz101/interiors/Bayz101_Living_room.jpg,2026-04-01 09:56:18
14576,BAYZ101,interiors,Bayz101_View C.jpg,image/jpeg,26690324,https://danubeproperties.com/marketing-collateral/bayz101/interiors/Bayz101_View%20C.jpg,2026-04-01 09:56:18
14576,BAYZ101,interiors,Bayz101_bathroom 01.jpg,image/jpeg,2361715,https://danubeproperties.com/marketing-collateral/bayz101/interiors/Bayz101_bathroom%2001.jpg,2026-04-01 09:56:18
14576,BAYZ101,interiors,Bayz101_view 01.jpg,image/jpeg,10557747,https://danubeproperties.com/marketing-collateral/bayz101/interiors/Bayz101_view%2001.jpg,2026-04-01 09:56:18
14576,BAYZ101,interiors,Bayz101_view 04.jpg,image/jpeg,10675700,https://danubeproperties.com/marketing-collateral/bayz101/interiors/Bayz101_view%2004.jpg,2026-04-01 09:56:18
14576,BAYZ101,brochures,Arabic _Bayz_101_brochure.pdf,application/pdf,16103213,https://danubeproperties.com/marketing-collateral/bayz101/brochures/Arabic%20_Bayz_101_brochure.pdf,2026-04-01 09:56:18
14576,BAYZ101,brochures,Bayz_101_brochure_Digital.pdf,application/pdf,16286402,https://danubeproperties.com/marketing-collateral/bayz101/brochures/Bayz_101_brochure_Digital.pdf,2026-04-01 09:56:18
14576,BAYZ101,brochures,Mandarin_Bayz_101_brochure.pdf,application/pdf,16373053,https://danubeproperties.com/marketing-collateral/bayz101/brochures/Mandarin_Bayz_101_brochure.pdf,2026-04-01 09:56:18
14576,BAYZ101,brochures,Russian_Bayz_101_brochure.pdf,application/pdf,16317673,https://danubeproperties.com/marketing-collateral/bayz101/brochures/Russian_Bayz_101_brochure.pdf,2026-04-01 09:56:18
14576,BAYZ101,factsheet,Bayz101_A4_factsheet_EN.pdf,application/pdf,3030633,https://danubeproperties.com/marketing-collateral/bayz101/factsheet/Bayz101_A4_factsheet_EN.pdf,2026-04-01 09:56:18
14576,BAYZ101,floor-plans,Bayz101_floor_plans_ver2.pdf,application/pdf,16218952,https://danubeproperties.com/marketing-collateral/bayz101/floor-plans/Bayz101_floor_plans_ver2.pdf,2026-04-01 09:56:18
14576,BAYZ101,videos,bayz101-2bed-sample-apartment.mp4,video/mp4,24638144,https://danubeproperties.com/marketing-collateral/bayz101/videos/bayz101-2bed-sample-apartment.mp4,2026-05-06 14:32:35
14576,BAYZ101,videos,bayz101-studio-sample-apartment.mp4,video/mp4,7353615,https://danubeproperties.com/marketing-collateral/bayz101/videos/bayz101-studio-sample-apartment.mp4,2026-05-06 14:32:41
14963,OCEANZ,amenities,Oceanz_Amenities_Toninobranded_render_2.jpg,image/jpeg,7471646,https://danubeproperties.com/marketing-collateral/oceanz/amenities/Oceanz_Amenities_Toninobranded_render_2.jpg,2026-04-01 09:56:03
14963,OCEANZ,amenities,Oceanz_Amenities_Toninobranded_render_2023.08.29_Outdoor2_8k.jpg,image/jpeg,21232890,https://danubeproperties.com/marketing-collateral/oceanz/amenities/Oceanz_Amenities_Toninobranded_render_2023.08.29_Outdoor2_8k.jpg,2026-04-01 09:56:03
14963,OCEANZ,amenities,Oceanz_Amenities_Toninobranded_render_Business_center.jpg,image/jpeg,9905300,https://danubeproperties.com/marketing-collateral/oceanz/amenities/Oceanz_Amenities_Toninobranded_render_Business_center.jpg,2026-04-01 09:56:03
14963,OCEANZ,amenities,Oceanz_Amenities_Toninobranded_render_Cinema.jpg,image/jpeg,8275305,https://danubeproperties.com/marketing-collateral/oceanz/amenities/Oceanz_Amenities_Toninobranded_render_Cinema.jpg,2026-04-01 09:56:03
14963,OCEANZ,amenities,Oceanz_Amenities_Toninobranded_render_Library.jpg,image/jpeg,10531772,https://danubeproperties.com/marketing-collateral/oceanz/amenities/Oceanz_Amenities_Toninobranded_render_Library.jpg,2026-04-01 09:56:03
14963,OCEANZ,amenities,Oceanz_Amenities_Toninobranded_render_Lobby01.jpg,image/jpeg,6769251,https://danubeproperties.com/marketing-collateral/oceanz/amenities/Oceanz_Amenities_Toninobranded_render_Lobby01.jpg,2026-04-01 09:56:03
14963,OCEANZ,amenities,Oceanz_Amenities_Toninobranded_render_lobby03_.jpg,image/jpeg,5566105,https://danubeproperties.com/marketing-collateral/oceanz/amenities/Oceanz_Amenities_Toninobranded_render_lobby03_.jpg,2026-04-01 09:56:03
14963,OCEANZ,exteriors,Oceanz_Amenities_Toninobranded_render__Balcony view_EDITED FINAL v001 .jpg,image/jpeg,22785393,https://danubeproperties.com/marketing-collateral/oceanz/exteriors/Oceanz_Amenities_Toninobranded_render__Balcony%20view_EDITED%20FINAL%20v001%20.jpg,2026-04-01 09:56:03
14963,OCEANZ,exteriors,Oceanz_Amenities_Toninobranded_render__Oceanz3_exterior_newsky.jpg,image/jpeg,22929703,https://danubeproperties.com/marketing-collateral/oceanz/exteriors/Oceanz_Amenities_Toninobranded_render__Oceanz3_exterior_newsky.jpg,2026-04-01 09:56:03
14963,OCEANZ,exteriors,Oceanz_Amenities_Toninobranded_render__Oceanz3_night_view.jpg,image/jpeg,50845955,https://danubeproperties.com/marketing-collateral/oceanz/exteriors/Oceanz_Amenities_Toninobranded_render__Oceanz3_night_view.jpg,2026-04-01 09:56:03
14963,OCEANZ,exteriors,Oceanz_Amenities_Toninobranded_render__Pool_closeup.jpg,image/jpeg,13724431,https://danubeproperties.com/marketing-collateral/oceanz/exteriors/Oceanz_Amenities_Toninobranded_render__Pool_closeup.jpg,2026-04-01 09:56:03
14963,OCEANZ,exteriors,Oceanz_Amenities_Toninobranded_render__VIEW 1A.jpg,image/jpeg,34884416,https://danubeproperties.com/marketing-collateral/oceanz/exteriors/Oceanz_Amenities_Toninobranded_render__VIEW%201A.jpg,2026-04-01 09:56:04
14963,OCEANZ,exteriors,Oceanz_Amenities_Toninobranded_render__VIEW 3 A  (1).jpg,image/jpeg,32524224,https://danubeproperties.com/marketing-collateral/oceanz/exteriors/Oceanz_Amenities_Toninobranded_render__VIEW%203%20A%20%20%281%29.jpg,2026-04-01 09:56:04
14963,OCEANZ,interiors,Oceanz_Interior_render_Bed ai01.jpg,image/jpeg,4804861,https://danubeproperties.com/marketing-collateral/oceanz/interiors/Oceanz_Interior_render_Bed%20ai01.jpg,2026-04-01 09:56:04
14963,OCEANZ,interiors,Oceanz_Interior_render_Living_room.jpg,image/jpeg,4543403,https://danubeproperties.com/marketing-collateral/oceanz/interiors/Oceanz_Interior_render_Living_room.jpg,2026-04-01 09:56:04
14963,OCEANZ,interiors,Oceanz_Interior_render_Toilet-1.jpg,image/jpeg,6421743,https://danubeproperties.com/marketing-collateral/oceanz/interiors/Oceanz_Interior_render_Toilet-1.jpg,2026-04-01 09:56:04
14963,OCEANZ,interiors,Oceanz_Interior_render_Toilet-2.jpg,image/jpeg,6920576,https://danubeproperties.com/marketing-collateral/oceanz/interiors/Oceanz_Interior_render_Toilet-2.jpg,2026-04-01 09:56:04
14963,OCEANZ,interiors,Oceanz_Interior_render_bed01_.jpg,image/jpeg,6046542,https://danubeproperties.com/marketing-collateral/oceanz/interiors/Oceanz_Interior_render_bed01_.jpg,2026-04-01 09:56:04
14963,OCEANZ,interiors,Oceanz_Interior_render_lift 01.jpg,image/jpeg,5569450,https://danubeproperties.com/marketing-collateral/oceanz/interiors/Oceanz_Interior_render_lift%2001.jpg,2026-04-01 09:56:04
14963,OCEANZ,interiors,Oceanz_Interior_render_studio 01_.jpg,image/jpeg,4541024,https://danubeproperties.com/marketing-collateral/oceanz/interiors/Oceanz_Interior_render_studio%2001_.jpg,2026-04-01 09:56:04
14963,OCEANZ,brochures,Oceanz3_brochure_AR.pdf,application/pdf,7968790,https://danubeproperties.com/marketing-collateral/oceanz/brochures/Oceanz3_brochure_AR.pdf,2026-04-01 09:56:04
14963,OCEANZ,brochures,Oceanz3_brochure_EN.pdf,application/pdf,8008997,https://danubeproperties.com/marketing-collateral/oceanz/brochures/Oceanz3_brochure_EN.pdf,2026-04-01 09:56:04
14963,OCEANZ,brochures,Oceanz3_brochure_RU.pdf,application/pdf,7973487,https://danubeproperties.com/marketing-collateral/oceanz/brochures/Oceanz3_brochure_RU.pdf,2026-04-01 09:56:04
14963,OCEANZ,floor-plans,Oceanz3_floor_plans_ver2.pdf,application/pdf,38644028,https://danubeproperties.com/marketing-collateral/oceanz/floor-plans/Oceanz3_floor_plans_ver2.pdf,2026-04-01 09:56:04
14963,OCEANZ,videos,oceanz-2bhk-2.mp4,video/quicktime,18258083,https://danubeproperties.com/marketing-collateral/oceanz/videos/oceanz-2bhk-2.mp4,2026-05-06 14:51:58
14963,OCEANZ,videos,oceanz_site_model.mp4,video/mp4,3203020,https://danubeproperties.com/marketing-collateral/oceanz/videos/oceanz_site_model.mp4,2026-06-17 09:37:04
14963,OCEANZ,factsheet,oceanz3_a4_factsheet_en_low.pdf,application/pdf,2006311,https://danubeproperties.com/marketing-collateral/oceanz/factsheet/oceanz3_a4_factsheet_en_low.pdf,2026-06-01 08:17:27
14963,OCEANZ,other,oceanz_paymentplan_ex_1bhk.jpeg,image/jpeg,337475,https://danubeproperties.com/marketing-collateral/oceanz/other/oceanz_paymentplan_ex_1bhk.jpeg,2026-06-13 13:15:30
14963,OCEANZ,other,oceanz_paymentplan_ex.jpeg,image/jpeg,341246,https://danubeproperties.com/marketing-collateral/oceanz/other/oceanz_paymentplan_ex.jpeg,2026-06-13 13:15:33
15407,SPORTZ,amenities,Sportz_Badminton.jpg,image/jpeg,30077063,https://danubeproperties.com/marketing-collateral/sportz/amenities/Sportz_Badminton.jpg,2026-04-01 09:55:42
15407,SPORTZ,amenities,Sportz_Cricket pitch.jpg,image/jpeg,25548562,https://danubeproperties.com/marketing-collateral/sportz/amenities/Sportz_Cricket%20pitch.jpg,2026-04-01 09:55:42
15407,SPORTZ,amenities,Sportz_Fitness Hub.jpg,image/jpeg,3094418,https://danubeproperties.com/marketing-collateral/sportz/amenities/Sportz_Fitness%20Hub.jpg,2026-04-01 09:55:42
15407,SPORTZ,amenities,Sportz_Olympic Size Lap Pool.jpg,image/jpeg,33755269,https://danubeproperties.com/marketing-collateral/sportz/amenities/Sportz_Olympic%20Size%20Lap%20Pool.jpg,2026-04-01 09:55:42
15407,SPORTZ,amenities,Sportz_Outdoor Sports Cinema.jpg,image/jpeg,31034325,https://danubeproperties.com/marketing-collateral/sportz/amenities/Sportz_Outdoor%20Sports%20Cinema.jpg,2026-04-01 09:55:42
15407,SPORTZ,amenities,Sportz_Pilates_studio.jpg,image/jpeg,8348811,https://danubeproperties.com/marketing-collateral/sportz/amenities/Sportz_Pilates_studio.jpg,2026-04-01 09:55:42
15407,SPORTZ,amenities,Sportz_Roof Library.jpg,image/jpeg,30519153,https://danubeproperties.com/marketing-collateral/sportz/amenities/Sportz_Roof%20Library.jpg,2026-04-01 09:55:42
15407,SPORTZ,amenities,Sportz_Tennis Court.jpg,image/jpeg,22294212,https://danubeproperties.com/marketing-collateral/sportz/amenities/Sportz_Tennis%20Court.jpg,2026-04-01 09:55:42
15407,SPORTZ,amenities,Sportz_Water Lounge.jpg,image/jpeg,22328527,https://danubeproperties.com/marketing-collateral/sportz/amenities/Sportz_Water%20Lounge.jpg,2026-04-01 09:55:42
15407,SPORTZ,amenities,Sportz_ec2a7332-5856-4f26-9359-1aa504d3c143.jpg,image/jpeg,3343671,https://danubeproperties.com/marketing-collateral/sportz/amenities/Sportz_ec2a7332-5856-4f26-9359-1aa504d3c143.jpg,2026-04-01 09:55:42
15407,SPORTZ,exteriors,Sportz_Amenities Podium.jpg,image/jpeg,40017646,https://danubeproperties.com/marketing-collateral/sportz/exteriors/Sportz_Amenities%20Podium.jpg,2026-04-01 09:55:42
15407,SPORTZ,exteriors,Sportz_Exterior_01 1.jpg,image/jpeg,7592634,https://danubeproperties.com/marketing-collateral/sportz/exteriors/Sportz_Exterior_01%201.jpg,2026-04-01 09:55:42
15407,SPORTZ,exteriors,Sportz_Exterior_01.jpg,image/jpeg,75622931,https://danubeproperties.com/marketing-collateral/sportz/exteriors/Sportz_Exterior_01.jpg,2026-04-01 09:55:42
15407,SPORTZ,exteriors,Sportz_Exterior_02.jpg,image/jpeg,86179578,https://danubeproperties.com/marketing-collateral/sportz/exteriors/Sportz_Exterior_02.jpg,2026-04-01 09:55:42
15407,SPORTZ,interiors,Sportz_Final_private_pool_render.jpg,image/jpeg,5589496,https://danubeproperties.com/marketing-collateral/sportz/interiors/Sportz_Final_private_pool_render.jpg,2026-04-01 09:55:42
15407,SPORTZ,interiors,Sportz_LIft Lobby.jpg,image/jpeg,22004496,https://danubeproperties.com/marketing-collateral/sportz/interiors/Sportz_LIft%20Lobby.jpg,2026-04-01 09:55:42
15407,SPORTZ,interiors,Sportz_Living Room.jpg,image/jpeg,7043221,https://danubeproperties.com/marketing-collateral/sportz/interiors/Sportz_Living%20Room.jpg,2026-04-01 09:55:42
15407,SPORTZ,interiors,Sportz_Lobby.jpg,image/jpeg,22702088,https://danubeproperties.com/marketing-collateral/sportz/interiors/Sportz_Lobby.jpg,2026-04-01 09:55:43
15407,SPORTZ,interiors,Sportz_Master bathroom.jpg,image/jpeg,22001627,https://danubeproperties.com/marketing-collateral/sportz/interiors/Sportz_Master%20bathroom.jpg,2026-04-01 09:55:43
15407,SPORTZ,interiors,Sportz_Studio.jpg,image/jpeg,4897145,https://danubeproperties.com/marketing-collateral/sportz/interiors/Sportz_Studio.jpg,2026-04-01 09:55:43
15407,SPORTZ,interiors,Sportz_bedroom view 07_final.jpg,image/jpeg,13440628,https://danubeproperties.com/marketing-collateral/sportz/interiors/Sportz_bedroom%20view%2007_final.jpg,2026-04-01 09:55:43
15407,SPORTZ,interiors,Sportz_powder room.jpg,image/jpeg,7861981,https://danubeproperties.com/marketing-collateral/sportz/interiors/Sportz_powder%20room.jpg,2026-04-01 09:55:43
15407,SPORTZ,brochures,Sportz_brochure_AR.pdf,application/pdf,13341903,https://danubeproperties.com/marketing-collateral/sportz/brochures/Sportz_brochure_AR.pdf,2026-04-01 09:55:43
15407,SPORTZ,brochures,Sportz_brochure_EN.pdf,application/pdf,18125178,https://danubeproperties.com/marketing-collateral/sportz/brochures/Sportz_brochure_EN.pdf,2026-04-01 09:55:43
15407,SPORTZ,brochures,Sportz_brochure_Mandarin.pdf,application/pdf,13473288,https://danubeproperties.com/marketing-collateral/sportz/brochures/Sportz_brochure_Mandarin.pdf,2026-04-01 09:55:43
15407,SPORTZ,brochures,Sportz_brochure_RU.pdf,application/pdf,18140700,https://danubeproperties.com/marketing-collateral/sportz/brochures/Sportz_brochure_RU.pdf,2026-04-01 09:55:43
15407,SPORTZ,factsheet,Sportz_A4_factsheet_EN 2.pdf,application/pdf,3101934,https://danubeproperties.com/marketing-collateral/sportz/factsheet/Sportz_A4_factsheet_EN%202.pdf,2026-04-01 09:55:43
15407,SPORTZ,floor-plans,Sportz_floor_plans.pdf,application/pdf,15729700,https://danubeproperties.com/marketing-collateral/sportz/floor-plans/Sportz_floor_plans.pdf,2026-04-01 09:55:43
15407,SPORTZ,videos,sportz.mp4,video/mp4,5434453,https://danubeproperties.com/marketing-collateral/sportz/videos/sportz.mp4,2026-04-21 06:24:48
15933,ELITZ 3,amenities,02.png,image/png,20294040,https://danubeproperties.com/marketing-collateral/elitz-3/amenities/02.png,2026-04-01 09:55:24
15933,ELITZ 3,amenities,04.png,image/png,23357736,https://danubeproperties.com/marketing-collateral/elitz-3/amenities/04.png,2026-04-01 09:55:24
15933,ELITZ 3,amenities,06 (1).png,image/png,26561780,https://danubeproperties.com/marketing-collateral/elitz-3/amenities/06%20%281%29.png,2026-04-01 09:55:24
15933,ELITZ 3,amenities,2 nd view.jpg,image/jpeg,12068373,https://danubeproperties.com/marketing-collateral/elitz-3/amenities/2%20nd%20view.jpg,2026-04-01 09:55:24
15933,ELITZ 3,amenities,C2 R1.jpg,image/jpeg,7305857,https://danubeproperties.com/marketing-collateral/elitz-3/amenities/C2%20R1.jpg,2026-04-01 09:55:24
15933,ELITZ 3,amenities,GYM VIEW.tif,image/tiff,68363100,https://danubeproperties.com/marketing-collateral/elitz-3/amenities/GYM%20VIEW.tif,2026-04-01 09:55:24
15933,ELITZ 3,amenities,final view 1.jpg,image/jpeg,14851085,https://danubeproperties.com/marketing-collateral/elitz-3/amenities/final%20view%201.jpg,2026-04-01 09:55:24
15933,ELITZ 3,amenities,final view.png,image/png,85510690,https://danubeproperties.com/marketing-collateral/elitz-3/amenities/final%20view.png,2026-04-01 09:55:24
15933,ELITZ 3,exteriors,Elitz3_Day Shot.jpg,image/jpeg,17913958,https://danubeproperties.com/marketing-collateral/elitz-3/exteriors/Elitz3_Day%20Shot.jpg,2026-04-01 09:55:24
15933,ELITZ 3,exteriors,Elitz3_Night Shot.jpg,image/jpeg,35009802,https://danubeproperties.com/marketing-collateral/elitz-3/exteriors/Elitz3_Night%20Shot.jpg,2026-04-01 09:55:24
15933,ELITZ 3,interiors,1BHK_render_BATHROOM V1.jpg,image/jpeg,4204155,https://danubeproperties.com/marketing-collateral/elitz-3/interiors/1BHK_render_BATHROOM%20V1.jpg,2026-04-01 09:55:24
15933,ELITZ 3,interiors,1BHK_render_BEDROOM V1 R2.jpg,image/jpeg,9199059,https://danubeproperties.com/marketing-collateral/elitz-3/interiors/1BHK_render_BEDROOM%20V1%20R2.jpg,2026-04-01 09:55:24
15933,ELITZ 3,interiors,1BHK_render_KITCHEN V1 R3.png,image/png,11568527,https://danubeproperties.com/marketing-collateral/elitz-3/interiors/1BHK_render_KITCHEN%20V1%20R3.png,2026-04-01 09:55:24
15933,ELITZ 3,interiors,1BHK_render_LIVING ROOM R3.jpg,image/jpeg,2099144,https://danubeproperties.com/marketing-collateral/elitz-3/interiors/1BHK_render_LIVING%20ROOM%20R3.jpg,2026-04-01 09:55:24
15933,ELITZ 3,interiors,1BHK_render_LIVING TV UNIT VIEW.jpg,image/jpeg,7866461,https://danubeproperties.com/marketing-collateral/elitz-3/interiors/1BHK_render_LIVING%20TV%20UNIT%20VIEW.jpg,2026-04-01 09:55:24
15933,ELITZ 3,interiors,1BHK_render_STUDY ROOM V1.jpg,image/jpeg,3873859,https://danubeproperties.com/marketing-collateral/elitz-3/interiors/1BHK_render_STUDY%20ROOM%20V1.jpg,2026-04-01 09:55:24
15933,ELITZ 3,interiors,1BHK_render_TOP VIEW R3.jpg,image/jpeg,6321874,https://danubeproperties.com/marketing-collateral/elitz-3/interiors/1BHK_render_TOP%20VIEW%20R3.jpg,2026-04-01 09:55:24
15933,ELITZ 3,interiors,1BHK_render_TOP VIEW R4.png,image/png,12241150,https://danubeproperties.com/marketing-collateral/elitz-3/interiors/1BHK_render_TOP%20VIEW%20R4.png,2026-04-01 09:55:24
15933,ELITZ 3,interiors,1BHK_render_V2.jpg,image/jpeg,15233534,https://danubeproperties.com/marketing-collateral/elitz-3/interiors/1BHK_render_V2.jpg,2026-04-01 09:55:24
15933,ELITZ 3,interiors,1BHK_render_p bath R1.jpg,image/jpeg,2618612,https://danubeproperties.com/marketing-collateral/elitz-3/interiors/1BHK_render_p%20bath%20R1.jpg,2026-04-01 09:55:24
15933,ELITZ 3,interiors,2BHK_render_Living room.jpg,image/jpeg,4492861,https://danubeproperties.com/marketing-collateral/elitz-3/interiors/2BHK_render_Living%20room.jpg,2026-04-01 09:55:24
15933,ELITZ 3,interiors,2BHK_render_M bath.jpg,image/jpeg,4265019,https://danubeproperties.com/marketing-collateral/elitz-3/interiors/2BHK_render_M%20bath.jpg,2026-04-01 09:55:24
15933,ELITZ 3,interiors,2BHK_render_M bed 001.jpg,image/jpeg,4907333,https://danubeproperties.com/marketing-collateral/elitz-3/interiors/2BHK_render_M%20bed%20001.jpg,2026-04-01 09:55:24
15933,ELITZ 3,interiors,2BHK_render_M bed dressing.jpg,image/jpeg,3992198,https://danubeproperties.com/marketing-collateral/elitz-3/interiors/2BHK_render_M%20bed%20dressing.jpg,2026-04-01 09:55:24
15933,ELITZ 3,interiors,2BHK_render_bath 1.jpg,image/jpeg,5843939,https://danubeproperties.com/marketing-collateral/elitz-3/interiors/2BHK_render_bath%201.jpg,2026-04-01 09:55:24
15933,ELITZ 3,interiors,2BHK_render_bed 002 dressing.jpg,image/jpeg,4211761,https://danubeproperties.com/marketing-collateral/elitz-3/interiors/2BHK_render_bed%20002%20dressing.jpg,2026-04-01 09:55:24
15933,ELITZ 3,interiors,2BHK_render_bed 002.jpg,image/jpeg,5295683,https://danubeproperties.com/marketing-collateral/elitz-3/interiors/2BHK_render_bed%20002.jpg,2026-04-01 09:55:24
15933,ELITZ 3,interiors,2BHK_render_jacuzzi.jpg,image/jpeg,4935259,https://danubeproperties.com/marketing-collateral/elitz-3/interiors/2BHK_render_jacuzzi.jpg,2026-04-01 09:55:24
15933,ELITZ 3,interiors,2BHK_render_kitchen.jpg,image/jpeg,3242834,https://danubeproperties.com/marketing-collateral/elitz-3/interiors/2BHK_render_kitchen.jpg,2026-04-01 09:55:24
15933,ELITZ 3,interiors,2BHK_render_media wall.jpg,image/jpeg,4930650,https://danubeproperties.com/marketing-collateral/elitz-3/interiors/2BHK_render_media%20wall.jpg,2026-04-01 09:55:24
15933,ELITZ 3,interiors,Bed room View A - 1BHK.jpg,image/jpeg,8506496,https://danubeproperties.com/marketing-collateral/elitz-3/interiors/Bed%20room%20View%20A%20-%201BHK.jpg,2026-04-01 09:55:24
15933,ELITZ 3,interiors,Lobby_render_VIEW 01.jpg,image/jpeg,1640559,https://danubeproperties.com/marketing-collateral/elitz-3/interiors/Lobby_render_VIEW%2001.jpg,2026-04-01 09:55:24
15933,ELITZ 3,interiors,Lobby_render_VIEW 02.jpg,image/jpeg,1615869,https://danubeproperties.com/marketing-collateral/elitz-3/interiors/Lobby_render_VIEW%2002.jpg,2026-04-01 09:55:24
15933,ELITZ 3,interiors,Lobby_render_VIEW 03.jpg,image/jpeg,1749692,https://danubeproperties.com/marketing-collateral/elitz-3/interiors/Lobby_render_VIEW%2003.jpg,2026-04-01 09:55:24
15933,ELITZ 3,interiors,Lobby_render_VIEW 04.jpg,image/jpeg,3628519,https://danubeproperties.com/marketing-collateral/elitz-3/interiors/Lobby_render_VIEW%2004.jpg,2026-04-01 09:55:24
15933,ELITZ 3,interiors,Studi Bed 001.jpg,image/jpeg,5226479,https://danubeproperties.com/marketing-collateral/elitz-3/interiors/Studi%20Bed%20001.jpg,2026-04-01 09:55:24
15933,ELITZ 3,interiors,Studi Bed TV wall.jpg,image/jpeg,6437548,https://danubeproperties.com/marketing-collateral/elitz-3/interiors/Studi%20Bed%20TV%20wall.jpg,2026-04-01 09:55:24
15933,ELITZ 3,interiors,Studio bath.jpg,image/jpeg,5185189,https://danubeproperties.com/marketing-collateral/elitz-3/interiors/Studio%20bath.jpg,2026-04-01 09:55:24
15933,ELITZ 3,interiors,kitchen.jpg,image/jpeg,4796474,https://danubeproperties.com/marketing-collateral/elitz-3/interiors/kitchen.jpg,2026-04-01 09:55:24
15933,ELITZ 3,brochures,Elitz3_brochure.pdf,application/pdf,11037233,https://danubeproperties.com/marketing-collateral/elitz-3/brochures/Elitz3_brochure.pdf,2026-04-01 09:55:24
15933,ELITZ 3,brochures,Elitz3_brochure_AR.pdf,application/pdf,9455383,https://danubeproperties.com/marketing-collateral/elitz-3/brochures/Elitz3_brochure_AR.pdf,2026-04-01 09:55:24
15933,ELITZ 3,brochures,Elitz3_brochure_AR1.pdf,application/pdf,9455383,https://danubeproperties.com/marketing-collateral/elitz-3/brochures/Elitz3_brochure_AR1.pdf,2026-04-01 09:55:24
15933,ELITZ 3,brochures,Elitz3_brochure_Mandarin.pdf,application/pdf,11243344,https://danubeproperties.com/marketing-collateral/elitz-3/brochures/Elitz3_brochure_Mandarin.pdf,2026-04-01 09:55:24
15933,ELITZ 3,brochures,Elitz3_brochure_RU.pdf,application/pdf,11083586,https://danubeproperties.com/marketing-collateral/elitz-3/brochures/Elitz3_brochure_RU.pdf,2026-04-01 09:55:24
15933,ELITZ 3,factsheet,Elitz3_A4_factsheet_AR.pdf,application/pdf,2586514,https://danubeproperties.com/marketing-collateral/elitz-3/factsheet/Elitz3_A4_factsheet_AR.pdf,2026-04-01 09:55:24
15933,ELITZ 3,factsheet,Elitz3_A4_factsheet_EN.pdf,application/pdf,3172573,https://danubeproperties.com/marketing-collateral/elitz-3/factsheet/Elitz3_A4_factsheet_EN.pdf,2026-04-01 09:55:24
15933,ELITZ 3,factsheet,Elitz3_A4_factsheet_Mandarin.pdf,application/pdf,2806508,https://danubeproperties.com/marketing-collateral/elitz-3/factsheet/Elitz3_A4_factsheet_Mandarin.pdf,2026-04-01 09:55:24
15933,ELITZ 3,factsheet,Elitz3_A4_factsheet_RU.pdf,application/pdf,2725281,https://danubeproperties.com/marketing-collateral/elitz-3/factsheet/Elitz3_A4_factsheet_RU.pdf,2026-04-01 09:55:24
15933,ELITZ 3,floor-plans,Elitz3_floor_plans.pdf,application/pdf,6934761,https://danubeproperties.com/marketing-collateral/elitz-3/floor-plans/Elitz3_floor_plans.pdf,2026-04-01 09:55:24
15933,ELITZ 3,walkthrough,elitz-3-walkthrough.mp4,video/mp4,267486456,https://danubeproperties.com/marketing-collateral/elitz-3/walkthrough/elitz-3-walkthrough.mp4,2026-04-16 14:59:35
15933,ELITZ 3,videos,show-apartment.mp4,video/mp4,20861133,https://danubeproperties.com/marketing-collateral/elitz-3/videos/show-apartment.mp4,2026-04-16 15:00:27
16354,Elitz 2,amenities,02.png,image/png,20294040,https://danubeproperties.com/marketing-collateral/elitz-2/amenities/02.png,2026-04-01 09:55:06
16354,Elitz 2,amenities,04.png,image/png,23357736,https://danubeproperties.com/marketing-collateral/elitz-2/amenities/04.png,2026-04-01 09:55:06
16354,Elitz 2,amenities,06 (1).png,image/png,26561780,https://danubeproperties.com/marketing-collateral/elitz-2/amenities/06%20%281%29.png,2026-04-01 09:55:06
16354,Elitz 2,amenities,2 nd view.jpg,image/jpeg,12068373,https://danubeproperties.com/marketing-collateral/elitz-2/amenities/2%20nd%20view.jpg,2026-04-01 09:55:06
16354,Elitz 2,amenities,C2 R1.jpg,image/jpeg,7305857,https://danubeproperties.com/marketing-collateral/elitz-2/amenities/C2%20R1.jpg,2026-04-01 09:55:06
16354,Elitz 2,amenities,GYM VIEW.tif,image/tiff,68363100,https://danubeproperties.com/marketing-collateral/elitz-2/amenities/GYM%20VIEW.tif,2026-04-01 09:55:06
16354,Elitz 2,amenities,final view 1.jpg,image/jpeg,14851085,https://danubeproperties.com/marketing-collateral/elitz-2/amenities/final%20view%201.jpg,2026-04-01 09:55:06
16354,Elitz 2,amenities,final view.png,image/png,85510690,https://danubeproperties.com/marketing-collateral/elitz-2/amenities/final%20view.png,2026-04-01 09:55:06
16354,Elitz 2,exteriors,01 (1).jpg,image/jpeg,28361044,https://danubeproperties.com/marketing-collateral/elitz-2/exteriors/01%20%281%29.jpg,2026-04-01 09:55:06
16354,Elitz 2,exteriors,01.png,image/png,12738553,https://danubeproperties.com/marketing-collateral/elitz-2/exteriors/01.png,2026-04-01 09:55:06
16354,Elitz 2,exteriors,02.png,image/png,13667224,https://danubeproperties.com/marketing-collateral/elitz-2/exteriors/02.png,2026-04-01 09:55:06
16354,Elitz 2,exteriors,1 copy.tif,image/tiff,174287620,https://danubeproperties.com/marketing-collateral/elitz-2/exteriors/1%20copy.tif,2026-04-01 09:55:06
16354,Elitz 2,exteriors,Elitz2_Exterior_04.jpg,image/jpeg,16317263,https://danubeproperties.com/marketing-collateral/elitz-2/exteriors/Elitz2_Exterior_04.jpg,2026-04-01 09:55:06
16354,Elitz 2,exteriors,Final image.tif,image/tiff,592715200,https://danubeproperties.com/marketing-collateral/elitz-2/exteriors/Final%20image.tif,2026-04-01 09:55:06
16354,Elitz 2,interiors,1BHK_render_BATHROOM V1.jpg,image/jpeg,4204155,https://danubeproperties.com/marketing-collateral/elitz-2/interiors/1BHK_render_BATHROOM%20V1.jpg,2026-04-01 09:55:06
16354,Elitz 2,interiors,1BHK_render_BEDROOM V1 R2.jpg,image/jpeg,9199059,https://danubeproperties.com/marketing-collateral/elitz-2/interiors/1BHK_render_BEDROOM%20V1%20R2.jpg,2026-04-01 09:55:06
16354,Elitz 2,interiors,1BHK_render_KITCHEN V1 R3.png,image/png,11568527,https://danubeproperties.com/marketing-collateral/elitz-2/interiors/1BHK_render_KITCHEN%20V1%20R3.png,2026-04-01 09:55:06
16354,Elitz 2,interiors,1BHK_render_LIVING ROOM R3.jpg,image/jpeg,2099144,https://danubeproperties.com/marketing-collateral/elitz-2/interiors/1BHK_render_LIVING%20ROOM%20R3.jpg,2026-04-01 09:55:06
16354,Elitz 2,interiors,1BHK_render_LIVING TV UNIT VIEW.jpg,image/jpeg,7866461,https://danubeproperties.com/marketing-collateral/elitz-2/interiors/1BHK_render_LIVING%20TV%20UNIT%20VIEW.jpg,2026-04-01 09:55:06
16354,Elitz 2,interiors,1BHK_render_STUDY ROOM V1.jpg,image/jpeg,3873859,https://danubeproperties.com/marketing-collateral/elitz-2/interiors/1BHK_render_STUDY%20ROOM%20V1.jpg,2026-04-01 09:55:06
16354,Elitz 2,interiors,1BHK_render_TOP VIEW R3.jpg,image/jpeg,6321874,https://danubeproperties.com/marketing-collateral/elitz-2/interiors/1BHK_render_TOP%20VIEW%20R3.jpg,2026-04-01 09:55:06
16354,Elitz 2,interiors,1BHK_render_TOP VIEW R4.png,image/png,12241150,https://danubeproperties.com/marketing-collateral/elitz-2/interiors/1BHK_render_TOP%20VIEW%20R4.png,2026-04-01 09:55:06
16354,Elitz 2,interiors,1BHK_render_V2.jpg,image/jpeg,15233534,https://danubeproperties.com/marketing-collateral/elitz-2/interiors/1BHK_render_V2.jpg,2026-04-01 09:55:06
16354,Elitz 2,interiors,1BHK_render_p bath R1.jpg,image/jpeg,2618612,https://danubeproperties.com/marketing-collateral/elitz-2/interiors/1BHK_render_p%20bath%20R1.jpg,2026-04-01 09:55:06
16354,Elitz 2,interiors,2BHK_render_Living room.jpg,image/jpeg,4492861,https://danubeproperties.com/marketing-collateral/elitz-2/interiors/2BHK_render_Living%20room.jpg,2026-04-01 09:55:06
16354,Elitz 2,interiors,2BHK_render_M bath.jpg,image/jpeg,4265019,https://danubeproperties.com/marketing-collateral/elitz-2/interiors/2BHK_render_M%20bath.jpg,2026-04-01 09:55:06
16354,Elitz 2,interiors,2BHK_render_M bed 001.jpg,image/jpeg,4907333,https://danubeproperties.com/marketing-collateral/elitz-2/interiors/2BHK_render_M%20bed%20001.jpg,2026-04-01 09:55:06
16354,Elitz 2,interiors,2BHK_render_M bed dressing.jpg,image/jpeg,3992198,https://danubeproperties.com/marketing-collateral/elitz-2/interiors/2BHK_render_M%20bed%20dressing.jpg,2026-04-01 09:55:06
16354,Elitz 2,interiors,2BHK_render_bath 1.jpg,image/jpeg,5843939,https://danubeproperties.com/marketing-collateral/elitz-2/interiors/2BHK_render_bath%201.jpg,2026-04-01 09:55:06
16354,Elitz 2,interiors,2BHK_render_bed 002 dressing.jpg,image/jpeg,4211761,https://danubeproperties.com/marketing-collateral/elitz-2/interiors/2BHK_render_bed%20002%20dressing.jpg,2026-04-01 09:55:06
16354,Elitz 2,interiors,2BHK_render_bed 002.jpg,image/jpeg,5295683,https://danubeproperties.com/marketing-collateral/elitz-2/interiors/2BHK_render_bed%20002.jpg,2026-04-01 09:55:06
16354,Elitz 2,interiors,2BHK_render_jacuzzi.jpg,image/jpeg,4935259,https://danubeproperties.com/marketing-collateral/elitz-2/interiors/2BHK_render_jacuzzi.jpg,2026-04-01 09:55:06
16354,Elitz 2,interiors,2BHK_render_kitchen.jpg,image/jpeg,3242834,https://danubeproperties.com/marketing-collateral/elitz-2/interiors/2BHK_render_kitchen.jpg,2026-04-01 09:55:06
16354,Elitz 2,interiors,2BHK_render_media wall.jpg,image/jpeg,4930650,https://danubeproperties.com/marketing-collateral/elitz-2/interiors/2BHK_render_media%20wall.jpg,2026-04-01 09:55:06
16354,Elitz 2,interiors,Bed room View A - 1BHK.jpg,image/jpeg,8506496,https://danubeproperties.com/marketing-collateral/elitz-2/interiors/Bed%20room%20View%20A%20-%201BHK.jpg,2026-04-01 09:55:06
16354,Elitz 2,interiors,Lobby_render_VIEW 01.jpg,image/jpeg,1640559,https://danubeproperties.com/marketing-collateral/elitz-2/interiors/Lobby_render_VIEW%2001.jpg,2026-04-01 09:55:06
16354,Elitz 2,interiors,Lobby_render_VIEW 02.jpg,image/jpeg,1615869,https://danubeproperties.com/marketing-collateral/elitz-2/interiors/Lobby_render_VIEW%2002.jpg,2026-04-01 09:55:06
16354,Elitz 2,interiors,Lobby_render_VIEW 03.jpg,image/jpeg,1749692,https://danubeproperties.com/marketing-collateral/elitz-2/interiors/Lobby_render_VIEW%2003.jpg,2026-04-01 09:55:06
16354,Elitz 2,interiors,Lobby_render_VIEW 04.jpg,image/jpeg,3628519,https://danubeproperties.com/marketing-collateral/elitz-2/interiors/Lobby_render_VIEW%2004.jpg,2026-04-01 09:55:06
16354,Elitz 2,interiors,Studi Bed 001.jpg,image/jpeg,5226479,https://danubeproperties.com/marketing-collateral/elitz-2/interiors/Studi%20Bed%20001.jpg,2026-04-01 09:55:06
16354,Elitz 2,interiors,Studi Bed TV wall.jpg,image/jpeg,6437548,https://danubeproperties.com/marketing-collateral/elitz-2/interiors/Studi%20Bed%20TV%20wall.jpg,2026-04-01 09:55:06
16354,Elitz 2,interiors,Studio bath.jpg,image/jpeg,5185189,https://danubeproperties.com/marketing-collateral/elitz-2/interiors/Studio%20bath.jpg,2026-04-01 09:55:06
16354,Elitz 2,interiors,kitchen.jpg,image/jpeg,4796474,https://danubeproperties.com/marketing-collateral/elitz-2/interiors/kitchen.jpg,2026-04-01 09:55:06
16354,Elitz 2,brochures,Elitz2_brochure_AR.pdf,application/pdf,8465990,https://danubeproperties.com/marketing-collateral/elitz-2/brochures/Elitz2_brochure_AR.pdf,2026-04-01 09:55:06
16354,Elitz 2,brochures,Elitz2_brochure_EN.pdf,application/pdf,8344209,https://danubeproperties.com/marketing-collateral/elitz-2/brochures/Elitz2_brochure_EN.pdf,2026-04-01 09:55:06
16354,Elitz 2,brochures,Elitz2_brochure_FR.pdf,application/pdf,8340677,https://danubeproperties.com/marketing-collateral/elitz-2/brochures/Elitz2_brochure_FR.pdf,2026-04-01 09:55:06
16354,Elitz 2,brochures,Elitz2_brochure_IT.pdf,application/pdf,8310763,https://danubeproperties.com/marketing-collateral/elitz-2/brochures/Elitz2_brochure_IT.pdf,2026-04-01 09:55:06
16354,Elitz 2,brochures,Elitz2_brochure_Mandarin.pdf,application/pdf,8552474,https://danubeproperties.com/marketing-collateral/elitz-2/brochures/Elitz2_brochure_Mandarin.pdf,2026-04-01 09:55:06
16354,Elitz 2,brochures,Elitz2_brochure_RU.pdf,application/pdf,8478396,https://danubeproperties.com/marketing-collateral/elitz-2/brochures/Elitz2_brochure_RU.pdf,2026-04-01 09:55:06
16354,Elitz 2,brochures,Elitz2_brochure_SP.pdf,application/pdf,8331253,https://danubeproperties.com/marketing-collateral/elitz-2/brochures/Elitz2_brochure_SP.pdf,2026-04-01 09:55:06
16354,Elitz 2,brochures,Elitz2_brochure_TR.pdf,application/pdf,6736720,https://danubeproperties.com/marketing-collateral/elitz-2/brochures/Elitz2_brochure_TR.pdf,2026-04-01 09:55:06
16354,Elitz 2,factsheet,Elitz2_A4_factsheet_EN.pdf,application/pdf,2121717,https://danubeproperties.com/marketing-collateral/elitz-2/factsheet/Elitz2_A4_factsheet_EN.pdf,2026-04-01 09:55:06
16354,Elitz 2,factsheet,Elitz2_A4_factsheet_RU.pdf,application/pdf,2226416,https://danubeproperties.com/marketing-collateral/elitz-2/factsheet/Elitz2_A4_factsheet_RU.pdf,2026-04-01 09:55:06
15405,FASHIONZ,brochures,Fashionz-brochure.pdf,application/pdf,9446375,https://danubeproperties.com/marketing-collateral/fashionz/brochures/Fashionz-brochure.pdf,2026-04-01 09:54:49
15405,FASHIONZ,brochures,Fashionz_brochure_Chinese.pdf,application/pdf,14709135,https://danubeproperties.com/marketing-collateral/fashionz/brochures/Fashionz_brochure_Chinese.pdf,2026-04-01 09:54:49
15405,FASHIONZ,brochures,Fashionz_brochure_RU.pdf,application/pdf,14345518,https://danubeproperties.com/marketing-collateral/fashionz/brochures/Fashionz_brochure_RU.pdf,2026-04-01 09:54:49
15405,FASHIONZ,factsheet,03 Fact Sheet Design.pdf,application/pdf,1349730,https://danubeproperties.com/marketing-collateral/fashionz/factsheet/03%20Fact%20Sheet%20Design.pdf,2026-04-01 09:54:49
15405,FASHIONZ,floor-plans,1-bedroom-type-a.jpg,image/jpeg,364362,https://danubeproperties.com/marketing-collateral/fashionz/floor-plans/1-bedroom-type-a.jpg,2026-04-01 09:54:49
15405,FASHIONZ,floor-plans,1-bedroom-type-b.jpg,image/jpeg,288329,https://danubeproperties.com/marketing-collateral/fashionz/floor-plans/1-bedroom-type-b.jpg,2026-04-01 09:54:49
15405,FASHIONZ,floor-plans,1-bedroom-type-c.jpg,image/jpeg,286685,https://danubeproperties.com/marketing-collateral/fashionz/floor-plans/1-bedroom-type-c.jpg,2026-04-01 09:54:49
15405,FASHIONZ,floor-plans,1.-PRESIDENTIAL-STUDIO-TYPE--A.jpg,image/jpeg,287744,https://danubeproperties.com/marketing-collateral/fashionz/floor-plans/1.-PRESIDENTIAL-STUDIO-TYPE--A.jpg,2026-04-01 09:54:49
15405,FASHIONZ,floor-plans,1.-PRESIDENTIAL-STUDIO-TYPE--b.jpg,image/jpeg,292622,https://danubeproperties.com/marketing-collateral/fashionz/floor-plans/1.-PRESIDENTIAL-STUDIO-TYPE--b.jpg,2026-04-01 09:54:49
15405,FASHIONZ,floor-plans,2-bedroom-tpe-a.jpg,image/jpeg,351676,https://danubeproperties.com/marketing-collateral/fashionz/floor-plans/2-bedroom-tpe-a.jpg,2026-04-01 09:54:49
15405,FASHIONZ,floor-plans,2-bedroom-tpe-b.jpg,image/jpeg,346126,https://danubeproperties.com/marketing-collateral/fashionz/floor-plans/2-bedroom-tpe-b.jpg,2026-04-01 09:54:49
15405,FASHIONZ,floor-plans,3-bedroom-tpe-a.jpg,image/jpeg,353979,https://danubeproperties.com/marketing-collateral/fashionz/floor-plans/3-bedroom-tpe-a.jpg,2026-04-01 09:54:49
15405,FASHIONZ,floor-plans,Fashionz_floor_plans_IND.pdf,application/pdf,107962651,https://danubeproperties.com/marketing-collateral/fashionz/floor-plans/Fashionz_floor_plans_IND.pdf,2026-04-01 09:54:49
15405,FASHIONZ,floor-plans,amenity.jpg,image/jpeg,651654,https://danubeproperties.com/marketing-collateral/fashionz/floor-plans/amenity.jpg,2026-04-01 09:54:49
15405,FASHIONZ,floor-plans,executive-studio-c.jpg,image/jpeg,317256,https://danubeproperties.com/marketing-collateral/fashionz/floor-plans/executive-studio-c.jpg,2026-04-01 09:54:49
15405,FASHIONZ,floor-plans,floor-plate.jpg,image/jpeg,320104,https://danubeproperties.com/marketing-collateral/fashionz/floor-plans/floor-plate.jpg,2026-04-01 09:54:49
15405,FASHIONZ,floor-plans,presidential-suite.jpg,image/jpeg,328725,https://danubeproperties.com/marketing-collateral/fashionz/floor-plans/presidential-suite.jpg,2026-04-01 09:54:49
15405,FASHIONZ,floor-plans,roof.jpg,image/jpeg,332824,https://danubeproperties.com/marketing-collateral/fashionz/floor-plans/roof.jpg,2026-04-01 09:54:49
15405,FASHIONZ,floor-plans,studio-type-a.jpg,image/jpeg,280277,https://danubeproperties.com/marketing-collateral/fashionz/floor-plans/studio-type-a.jpg,2026-04-01 09:54:49
15405,FASHIONZ,floor-plans,studio-type-b.jpg,image/jpeg,242020,https://danubeproperties.com/marketing-collateral/fashionz/floor-plans/studio-type-b.jpg,2026-04-01 09:54:49
15405,FASHIONZ,floor-plans,syudio-type-d.jpg,image/jpeg,313375,https://danubeproperties.com/marketing-collateral/fashionz/floor-plans/syudio-type-d.jpg,2026-04-01 09:54:49
15405,FASHIONZ,floor-plans,syudio-type-e.jpg,image/jpeg,226586,https://danubeproperties.com/marketing-collateral/fashionz/floor-plans/syudio-type-e.jpg,2026-04-01 09:54:49
15405,FASHIONZ,renders,1BHK-LIVING-VIEW-1.jpg,image/jpeg,3208976,https://danubeproperties.com/marketing-collateral/fashionz/renders/1BHK-LIVING-VIEW-1.jpg,2026-04-01 09:54:49
15405,FASHIONZ,renders,1BHK-LIVING-VIEW-2.jpg,image/jpeg,3211291,https://danubeproperties.com/marketing-collateral/fashionz/renders/1BHK-LIVING-VIEW-2.jpg,2026-04-01 09:54:49
15405,FASHIONZ,renders,2BHK-Bedroom-VIEW-1.jpg,image/jpeg,3116233,https://danubeproperties.com/marketing-collateral/fashionz/renders/2BHK-Bedroom-VIEW-1.jpg,2026-04-01 09:54:49
15405,FASHIONZ,renders,2BHK-LIVING-VIEW-1.jpg,image/jpeg,2586924,https://danubeproperties.com/marketing-collateral/fashionz/renders/2BHK-LIVING-VIEW-1.jpg,2026-04-01 09:54:49
15405,FASHIONZ,renders,BATH-1.jpg,image/jpeg,4712835,https://danubeproperties.com/marketing-collateral/fashionz/renders/BATH-1.jpg,2026-04-01 09:54:49
15405,FASHIONZ,renders,Branded-Salon-A.jpg,image/jpeg,3388773,https://danubeproperties.com/marketing-collateral/fashionz/renders/Branded-Salon-A.jpg,2026-04-01 09:54:49
15405,FASHIONZ,renders,DAY-VIEW.jpg,image/jpeg,3503985,https://danubeproperties.com/marketing-collateral/fashionz/renders/DAY-VIEW.jpg,2026-04-01 09:54:49
15405,FASHIONZ,renders,Gym-B.jpg,image/jpeg,5632269,https://danubeproperties.com/marketing-collateral/fashionz/renders/Gym-B.jpg,2026-04-01 09:54:49
15405,FASHIONZ,renders,JVT MAP.psd,image/vnd.adobe.photoshop,79743266,https://danubeproperties.com/marketing-collateral/fashionz/renders/JVT%20MAP.psd,2026-04-01 09:54:49
15405,FASHIONZ,renders,JVT_C05.jpg,image/jpeg,18323640,https://danubeproperties.com/marketing-collateral/fashionz/renders/JVT_C05.jpg,2026-04-01 09:54:49
15405,FASHIONZ,renders,JVT_C06.jpg,image/jpeg,8026981,https://danubeproperties.com/marketing-collateral/fashionz/renders/JVT_C06.jpg,2026-04-01 09:54:49
15405,FASHIONZ,renders,JVT_C07.jpg,image/jpeg,18412322,https://danubeproperties.com/marketing-collateral/fashionz/renders/JVT_C07.jpg,2026-04-01 09:54:49
15405,FASHIONZ,renders,JVT_C09.jpg,image/jpeg,4763658,https://danubeproperties.com/marketing-collateral/fashionz/renders/JVT_C09.jpg,2026-04-01 09:54:49
15405,FASHIONZ,renders,Lift-Lobby-View-2.jpg,image/jpeg,3338383,https://danubeproperties.com/marketing-collateral/fashionz/renders/Lift-Lobby-View-2.jpg,2026-04-01 09:54:49
15405,FASHIONZ,renders,Main-Lobby-View-1.jpg,image/jpeg,4723172,https://danubeproperties.com/marketing-collateral/fashionz/renders/Main-Lobby-View-1.jpg,2026-04-01 09:54:49
15405,FASHIONZ,renders,Main-Lobby-View-2.jpg,image/jpeg,3503515,https://danubeproperties.com/marketing-collateral/fashionz/renders/Main-Lobby-View-2.jpg,2026-04-01 09:54:49
15405,FASHIONZ,renders,Night--View-2.jpg,image/jpeg,9646753,https://danubeproperties.com/marketing-collateral/fashionz/renders/Night--View-2.jpg,2026-04-01 09:54:49
15405,FASHIONZ,renders,Reception-View--1.jpg,image/jpeg,3540273,https://danubeproperties.com/marketing-collateral/fashionz/renders/Reception-View--1.jpg,2026-04-01 09:54:49
15405,FASHIONZ,renders,Roof-View-1-230412.jpg,image/jpeg,3987963,https://danubeproperties.com/marketing-collateral/fashionz/renders/Roof-View-1-230412.jpg,2026-04-01 09:54:49
15405,FASHIONZ,renders,Roof-View-2-230412.jpg,image/jpeg,4590348,https://danubeproperties.com/marketing-collateral/fashionz/renders/Roof-View-2-230412.jpg,2026-04-01 09:54:49
15405,FASHIONZ,renders,SPA-B-Updated-230410.jpg,image/jpeg,8946241,https://danubeproperties.com/marketing-collateral/fashionz/renders/SPA-B-Updated-230410.jpg,2026-04-01 09:54:49
15405,FASHIONZ,renders,View-1.jpg,image/jpeg,5556952,https://danubeproperties.com/marketing-collateral/fashionz/renders/View-1.jpg,2026-04-01 09:54:49
15405,FASHIONZ,renders,view01.png,image/png,24930160,https://danubeproperties.com/marketing-collateral/fashionz/renders/view01.png,2026-04-01 09:54:49
15405,FASHIONZ,videos,fashionz-1bhk-music.mp4,video/mp4,6121955,https://danubeproperties.com/marketing-collateral/fashionz/videos/fashionz-1bhk-music.mp4,2026-05-06 14:41:20
15405,FASHIONZ,videos,fashionz_1bhk_showapartment.mp4,video/mp4,10442052,https://danubeproperties.com/marketing-collateral/fashionz/videos/fashionz_1bhk_showapartment.mp4,2026-06-01 08:25:32
16856,Viewz,exteriors,Exterior_render_Day perspective 4k.jpg,image/jpeg,19381085,https://danubeproperties.com/marketing-collateral/viewz/exteriors/Exterior_render_Day%20perspective%204k.jpg,2026-04-01 09:54:31
16856,Viewz,exteriors,Exterior_render_Night aerial 4k.jpg,image/jpeg,13594084,https://danubeproperties.com/marketing-collateral/viewz/exteriors/Exterior_render_Night%20aerial%204k.jpg,2026-04-01 09:54:31
16856,Viewz,exteriors,Exterior_render_Night perspective 4k.jpg,image/jpeg,11484645,https://danubeproperties.com/marketing-collateral/viewz/exteriors/Exterior_render_Night%20perspective%204k.jpg,2026-04-01 09:54:31
16856,Viewz,exteriors,Exterior_render_Night sky villas 4k.jpg,image/jpeg,9615173,https://danubeproperties.com/marketing-collateral/viewz/exteriors/Exterior_render_Night%20sky%20villas%204k.jpg,2026-04-01 09:54:31
16856,Viewz,exteriors,Exterior_render_retail up.jpg,image/jpeg,6052156,https://danubeproperties.com/marketing-collateral/viewz/exteriors/Exterior_render_retail%20up.jpg,2026-04-01 09:54:31
16856,Viewz,interiors,1bhk_render_BATH .jpg,image/jpeg,4926855,https://danubeproperties.com/marketing-collateral/viewz/interiors/1bhk_render_BATH%20.jpg,2026-04-01 09:54:31
16856,Viewz,interiors,1bhk_render_Kitchen.jpg,image/jpeg,7260117,https://danubeproperties.com/marketing-collateral/viewz/interiors/1bhk_render_Kitchen.jpg,2026-04-01 09:54:31
16856,Viewz,interiors,1bhk_render_Lounge 01.jpg,image/jpeg,10477290,https://danubeproperties.com/marketing-collateral/viewz/interiors/1bhk_render_Lounge%2001.jpg,2026-04-01 09:54:31
16856,Viewz,interiors,1bhk_render_Lounge 02.jpg,image/jpeg,4345006,https://danubeproperties.com/marketing-collateral/viewz/interiors/1bhk_render_Lounge%2002.jpg,2026-04-01 09:54:31
16856,Viewz,interiors,1bhk_render_Powder room.jpg,image/jpeg,3054352,https://danubeproperties.com/marketing-collateral/viewz/interiors/1bhk_render_Powder%20room.jpg,2026-04-01 09:54:32
16856,Viewz,interiors,1bhk_render_bedroom 001.jpg,image/jpeg,5524430,https://danubeproperties.com/marketing-collateral/viewz/interiors/1bhk_render_bedroom%20001.jpg,2026-04-01 09:54:32
16856,Viewz,interiors,1bhk_render_bedroom 002.jpg,image/jpeg,4370139,https://danubeproperties.com/marketing-collateral/viewz/interiors/1bhk_render_bedroom%20002.jpg,2026-04-01 09:54:32
16856,Viewz,interiors,2bhk_render_4k (1).tif,image/tiff,22545612,https://danubeproperties.com/marketing-collateral/viewz/interiors/2bhk_render_4k%20%281%29.tif,2026-04-01 09:54:32
16856,Viewz,interiors,2bhk_render_4k.tif,image/tiff,19667472,https://danubeproperties.com/marketing-collateral/viewz/interiors/2bhk_render_4k.tif,2026-04-01 09:54:32
16856,Viewz,interiors,2bhk_render_BED 1  RENDER.jpg,image/jpeg,4332975,https://danubeproperties.com/marketing-collateral/viewz/interiors/2bhk_render_BED%201%20%20RENDER.jpg,2026-04-01 09:54:32
16856,Viewz,interiors,2bhk_render_BED 1 DRESSING WALL RENDER.jpg,image/jpeg,4846907,https://danubeproperties.com/marketing-collateral/viewz/interiors/2bhk_render_BED%201%20DRESSING%20WALL%20RENDER.jpg,2026-04-01 09:54:32
16856,Viewz,interiors,2bhk_render_MASTER BED DRESSING WALL RENDER.jpg,image/jpeg,5269849,https://danubeproperties.com/marketing-collateral/viewz/interiors/2bhk_render_MASTER%20BED%20DRESSING%20WALL%20RENDER.jpg,2026-04-01 09:54:32
16856,Viewz,interiors,2bhk_render_MASTER BED ROOM RENDER.jpg,image/jpeg,6023934,https://danubeproperties.com/marketing-collateral/viewz/interiors/2bhk_render_MASTER%20BED%20ROOM%20RENDER.jpg,2026-04-01 09:54:32
16856,Viewz,interiors,2bhk_render_VIEW  RENDER.jpg,image/jpeg,4015785,https://danubeproperties.com/marketing-collateral/viewz/interiors/2bhk_render_VIEW%20%20RENDER.jpg,2026-04-01 09:54:32
16856,Viewz,interiors,2bhk_render_VIEW 01 RENDER.jpg,image/jpeg,4750229,https://danubeproperties.com/marketing-collateral/viewz/interiors/2bhk_render_VIEW%2001%20RENDER.jpg,2026-04-01 09:54:32
16856,Viewz,interiors,2bhk_render_VIEW 02 RENDER.jpg,image/jpeg,3652170,https://danubeproperties.com/marketing-collateral/viewz/interiors/2bhk_render_VIEW%2002%20RENDER.jpg,2026-04-01 09:54:32
16856,Viewz,interiors,2bhk_render_view pool RENDER.jpg,image/jpeg,5826443,https://danubeproperties.com/marketing-collateral/viewz/interiors/2bhk_render_view%20pool%20RENDER.jpg,2026-04-01 09:54:32
16856,Viewz,interiors,Lobby_render_Viewz_01.jpg,image/jpeg,4911614,https://danubeproperties.com/marketing-collateral/viewz/interiors/Lobby_render_Viewz_01.jpg,2026-04-01 09:54:32
16856,Viewz,interiors,Lobby_render_Viewz_02.jpg,image/jpeg,5376731,https://danubeproperties.com/marketing-collateral/viewz/interiors/Lobby_render_Viewz_02.jpg,2026-04-01 09:54:32
16856,Viewz,interiors,Studio_render_1 (2).jpg,image/jpeg,6672202,https://danubeproperties.com/marketing-collateral/viewz/interiors/Studio_render_1%20%282%29.jpg,2026-04-01 09:54:32
16856,Viewz,interiors,Studio_render_1--.tif,image/tiff,91911372,https://danubeproperties.com/marketing-collateral/viewz/interiors/Studio_render_1--.tif,2026-04-01 09:54:32
16856,Viewz,interiors,Studio_render_2--.tif,image/tiff,80897376,https://danubeproperties.com/marketing-collateral/viewz/interiors/Studio_render_2--.tif,2026-04-01 09:54:32
16856,Viewz,brochures,Viewz_brochure.pdf,application/pdf,226125341,https://danubeproperties.com/marketing-collateral/viewz/brochures/Viewz_brochure.pdf,2026-04-01 09:54:32
16856,Viewz,renders,VIEW 1.1.jpg,image/jpeg,21285365,https://danubeproperties.com/marketing-collateral/viewz/renders/VIEW%201.1.jpg,2026-04-01 09:54:32
16856,Viewz,renders,VIEW 2.1.jpg,image/jpeg,21598832,https://danubeproperties.com/marketing-collateral/viewz/renders/VIEW%202.1.jpg,2026-04-01 09:54:32
16856,Viewz,renders,VIEW 3.jpg,image/jpeg,21264180,https://danubeproperties.com/marketing-collateral/viewz/renders/VIEW%203.jpg,2026-04-01 09:54:32
16856,Viewz,renders,View_updated.jpg,image/jpeg,34375870,https://danubeproperties.com/marketing-collateral/viewz/renders/View_updated.jpg,2026-04-01 09:54:32
16856,Viewz,renders,sky villa pool 4k 1.jpg,image/jpeg,6056884,https://danubeproperties.com/marketing-collateral/viewz/renders/sky%20villa%20pool%204k%201.jpg,2026-04-01 09:54:32
16856,Viewz,renders,view 5.jpg,image/jpeg,6928288,https://danubeproperties.com/marketing-collateral/viewz/renders/view%205.jpg,2026-04-01 09:54:32
16856,Viewz,videos,viewz-show-apartment.mp4,video/mp4,8673876,https://danubeproperties.com/marketing-collateral/viewz/videos/viewz-show-apartment.mp4,2026-05-07 06:47:45
16856,Viewz,videos,viewz_walkthrough.mp4,video/mp4,13683768,https://danubeproperties.com/marketing-collateral/viewz/videos/viewz_walkthrough.mp4,2026-06-01 08:02:32
16856,Viewz,videos,viewz_sky_villaz.mp4,video/mp4,8373310,https://danubeproperties.com/marketing-collateral/viewz/videos/viewz_sky_villaz.mp4,2026-06-22 06:03:56
16322,Elitz,amenities,Elitz_amenities.mp4,video/mp4,262147998,https://danubeproperties.com/marketing-collateral/elitz/amenities/Elitz_amenities.mp4,2026-04-01 09:54:08
16322,Elitz,brochures,elitz_nov_spread.pdf,application/pdf,5021352,https://danubeproperties.com/marketing-collateral/elitz/brochures/elitz_nov_spread.pdf,2026-04-01 09:54:08
16322,Elitz,floor-plans,Elitz - Floor Plan - Print.pdf,application/pdf,34198857,https://danubeproperties.com/marketing-collateral/elitz/floor-plans/Elitz%20-%20Floor%20Plan%20-%20Print.pdf,2026-04-01 09:54:08
16322,Elitz,renders,1_BHK_1 BHK Bath.jpg,image/jpeg,5050135,https://danubeproperties.com/marketing-collateral/elitz/renders/1_BHK_1%20BHK%20Bath.jpg,2026-04-01 09:54:08
16322,Elitz,renders,1_BHK_1 BHK Living View R2 (1).jpg,image/jpeg,4994482,https://danubeproperties.com/marketing-collateral/elitz/renders/1_BHK_1%20BHK%20Living%20View%20R2%20%281%29.jpg,2026-04-01 09:54:08
16322,Elitz,renders,1_BHK_1 BHK TV Unit View R2.jpg,image/jpeg,4995148,https://danubeproperties.com/marketing-collateral/elitz/renders/1_BHK_1%20BHK%20TV%20Unit%20View%20R2.jpg,2026-04-01 09:54:08
16322,Elitz,renders,1_BHK_1BHK Bed CAM A R1.jpg,image/jpeg,4042978,https://danubeproperties.com/marketing-collateral/elitz/renders/1_BHK_1BHK%20Bed%20CAM%20A%20R1.jpg,2026-04-01 09:54:08
16322,Elitz,renders,1_BHK_1BHK Bed CAM B R1.jpg,image/jpeg,2322830,https://danubeproperties.com/marketing-collateral/elitz/renders/1_BHK_1BHK%20Bed%20CAM%20B%20R1.jpg,2026-04-01 09:54:08
16322,Elitz,renders,1_BHK_1BHK POWDER BATH.jpg,image/jpeg,2453910,https://danubeproperties.com/marketing-collateral/elitz/renders/1_BHK_1BHK%20POWDER%20BATH.jpg,2026-04-01 09:54:08
16322,Elitz,renders,1_BHK_Kitchen View B.jpg,image/jpeg,3485903,https://danubeproperties.com/marketing-collateral/elitz/renders/1_BHK_Kitchen%20View%20B.jpg,2026-04-01 09:54:08
16322,Elitz,renders,2_BHK_2 BHK Kitchen View .jpg,image/jpeg,2350110,https://danubeproperties.com/marketing-collateral/elitz/renders/2_BHK_2%20BHK%20Kitchen%20View%20.jpg,2026-04-01 09:54:08
16322,Elitz,renders,2_BHK_2 BHK Living CAM 1 .jpg,image/jpeg,2454001,https://danubeproperties.com/marketing-collateral/elitz/renders/2_BHK_2%20BHK%20Living%20CAM%201%20.jpg,2026-04-01 09:54:08
16322,Elitz,renders,2_BHK_2 BHK TV Unit View.jpg,image/jpeg,3161591,https://danubeproperties.com/marketing-collateral/elitz/renders/2_BHK_2%20BHK%20TV%20Unit%20View.jpg,2026-04-01 09:54:08
16322,Elitz,renders,2_BHK_2BHK BATH -1 VIEW.jpg,image/jpeg,1781618,https://danubeproperties.com/marketing-collateral/elitz/renders/2_BHK_2BHK%20BATH%20-1%20VIEW.jpg,2026-04-01 09:54:08
16322,Elitz,renders,2_BHK_2BHK BATH -2 VIEW.jpg,image/jpeg,1470496,https://danubeproperties.com/marketing-collateral/elitz/renders/2_BHK_2BHK%20BATH%20-2%20VIEW.jpg,2026-04-01 09:54:08
16322,Elitz,renders,2_BHK_Bed Room A CAM 2-2BHK.jpg,image/jpeg,2124715,https://danubeproperties.com/marketing-collateral/elitz/renders/2_BHK_Bed%20Room%20A%20CAM%202-2BHK.jpg,2026-04-01 09:54:08
16322,Elitz,renders,2_BHK_Bedroom Cam A - 1BHK  (1).jpg,image/jpeg,2053053,https://danubeproperties.com/marketing-collateral/elitz/renders/2_BHK_Bedroom%20Cam%20A%20-%201BHK%20%20%281%29.jpg,2026-04-01 09:54:08
16322,Elitz,renders,2_BHK_ROOM B Cam 1.jpg,image/jpeg,2390249,https://danubeproperties.com/marketing-collateral/elitz/renders/2_BHK_ROOM%20B%20Cam%201.jpg,2026-04-01 09:54:08
16322,Elitz,renders,BBQ  &FAMILY CABANA.jpg,image/jpeg,15499036,https://danubeproperties.com/marketing-collateral/elitz/renders/BBQ%20%20%26FAMILY%20CABANA.jpg,2026-04-01 09:54:08
16322,Elitz,renders,Gym Cam 1.jpg,image/jpeg,5551232,https://danubeproperties.com/marketing-collateral/elitz/renders/Gym%20Cam%201.jpg,2026-04-01 09:54:08
16322,Elitz,renders,LOBBY AREA CAM-A.jpg,image/jpeg,4958843,https://danubeproperties.com/marketing-collateral/elitz/renders/LOBBY%20AREA%20CAM-A.jpg,2026-04-01 09:54:08
16322,Elitz,renders,LOBBY AREA CAM-B.jpg,image/jpeg,4701465,https://danubeproperties.com/marketing-collateral/elitz/renders/LOBBY%20AREA%20CAM-B.jpg,2026-04-01 09:54:08
16322,Elitz,renders,LOBBY AREA CAM-C.jpg,image/jpeg,4276299,https://danubeproperties.com/marketing-collateral/elitz/renders/LOBBY%20AREA%20CAM-C.jpg,2026-04-01 09:54:08
16322,Elitz,renders,Pool 2BHK.jpg,image/jpeg,7328546,https://danubeproperties.com/marketing-collateral/elitz/renders/Pool%202BHK.jpg,2026-04-01 09:54:08
16322,Elitz,renders,SWIMMING POOL DECK.jpg,image/jpeg,18393976,https://danubeproperties.com/marketing-collateral/elitz/renders/SWIMMING%20POOL%20DECK.jpg,2026-04-01 09:54:08
16322,Elitz,renders,Studio Bathroom View .jpg,image/jpeg,4882846,https://danubeproperties.com/marketing-collateral/elitz/renders/Studio%20Bathroom%20View%20.jpg,2026-04-01 09:54:08
16322,Elitz,renders,Studio Bedroom View CAM 1 (1).jpg,image/jpeg,3567582,https://danubeproperties.com/marketing-collateral/elitz/renders/Studio%20Bedroom%20View%20CAM%201%20%281%29.jpg,2026-04-01 09:54:08
16322,Elitz,renders,Studio Kitchen View  (1).jpg,image/jpeg,3227506,https://danubeproperties.com/marketing-collateral/elitz/renders/Studio%20Kitchen%20View%20%20%281%29.jpg,2026-04-01 09:54:08
16322,Elitz,renders,aqua gym.jpg,image/jpeg,25094061,https://danubeproperties.com/marketing-collateral/elitz/renders/aqua%20gym.jpg,2026-04-01 09:54:08
16322,Elitz,renders,open air cinema.jpg,image/jpeg,14391763,https://danubeproperties.com/marketing-collateral/elitz/renders/open%20air%20cinema.jpg,2026-04-01 09:54:08
16739,Petalz,floor-plans,petalz_floor_plan.pdf,application/pdf,1233342,https://danubeproperties.com/marketing-collateral/petalz/floor-plans/petalz_floor_plan.pdf,2026-04-01 09:53:43
16739,Petalz,videos,petalz-studio.mp4,video/mp4,8340282,https://danubeproperties.com/marketing-collateral/petalz/videos/petalz-studio.mp4,2026-05-06 14:54:00
16797,Skyz,brochures,broucher_1635568267.pdf,application/pdf,22029715,https://danubeproperties.com/marketing-collateral/skyz/brochures/broucher_1635568267.pdf,2026-04-01 09:53:04
16797,Skyz,videos,skyz-1bhk-apartment.mp4,video/mp4,17773822,https://danubeproperties.com/marketing-collateral/skyz/videos/skyz-1bhk-apartment.mp4,2026-05-07 06:29:33
16797,Skyz,amenities,skyz_amenities_1.jpeg,image/jpeg,202629,https://danubeproperties.com/marketing-collateral/skyz/amenities/skyz_amenities_1.jpeg,2026-06-01 07:47:51
16797,Skyz,amenities,skyz_amenities_2.jpeg,image/jpeg,228288,https://danubeproperties.com/marketing-collateral/skyz/amenities/skyz_amenities_2.jpeg,2026-06-01 07:47:53
16797,Skyz,amenities,skyz_amenities_3.jpeg,image/jpeg,229333,https://danubeproperties.com/marketing-collateral/skyz/amenities/skyz_amenities_3.jpeg,2026-06-01 07:47:56
16797,Skyz,amenities,skyz_amenities_4.jpeg,image/jpeg,214713,https://danubeproperties.com/marketing-collateral/skyz/amenities/skyz_amenities_4.jpeg,2026-06-01 07:47:59
16797,Skyz,amenities,skyz_amenities_5.jpeg,image/jpeg,258806,https://danubeproperties.com/marketing-collateral/skyz/amenities/skyz_amenities_5.jpeg,2026-06-01 07:48:02
16683,Opalz,brochures,opalz-brochure.pdf,application/pdf,9562966,https://danubeproperties.com/marketing-collateral/opalz/brochures/opalz-brochure.pdf,2026-04-01 09:52:52
16683,Opalz,floor-plans,opalz-floor-plan-brochure_web.pdf,application/pdf,5116624,https://danubeproperties.com/marketing-collateral/opalz/floor-plans/opalz-floor-plan-brochure_web.pdf,2026-04-01 09:52:52
16683,Opalz,videos,opalz-1bhk.mp4,video/mp4,7021506,https://danubeproperties.com/marketing-collateral/opalz/videos/opalz-1bhk.mp4,2026-05-06 14:52:54
16683,Opalz,videos,opalz_3bhk_show_video.mp4,video/mp4,11773211,https://danubeproperties.com/marketing-collateral/opalz/videos/opalz_3bhk_show_video.mp4,2026-06-11 13:46:03
16412,Gemz,brochures,Gemz e-brochure.pdf,application/pdf,208786694,https://danubeproperties.com/marketing-collateral/gemz/brochures/Gemz%20e-brochure.pdf,2026-04-01 09:52:41
16412,Gemz,videos,gemz-2bhk.mp4,video/mp4,6056321,https://danubeproperties.com/marketing-collateral/gemz/videos/gemz-2bhk.mp4,2026-05-06 14:42:19
16412,Gemz,videos,gemz_studio_show.mp4,video/mp4,8498779,https://danubeproperties.com/marketing-collateral/gemz/videos/gemz_studio_show.mp4,2026-05-20 06:29:27
16412,Gemz,videos,gemz_walkthrough_video.mp4,video/mp4,16885017,https://danubeproperties.com/marketing-collateral/gemz/videos/gemz_walkthrough_video.mp4,2026-06-01 07:50:12
16412,Gemz,videos,gemz_1bhk_show_video.mp4,video/mp4,15009286,https://danubeproperties.com/marketing-collateral/gemz/videos/gemz_1bhk_show_video.mp4,2026-06-05 06:07:09
16714,Pearlz,brochures,broucher_1647433938-2_compressed.pdf,application/pdf,20386863,https://danubeproperties.com/marketing-collateral/pearlz/brochures/broucher_1647433938-2_compressed.pdf,2026-04-01 09:52:28
16562,Jewelz,brochures,jewelz-brochure.pdf,application/pdf,5917508,https://danubeproperties.com/marketing-collateral/jewelz/brochures/jewelz-brochure.pdf,2026-04-01 09:52:16
16562,Jewelz,floor-plans,jewelz-floor-plan.pdf,application/pdf,182671,https://danubeproperties.com/marketing-collateral/jewelz/floor-plans/jewelz-floor-plan.pdf,2026-04-21 06:22:43
16562,Jewelz,videos,jewelz-studio.mp4,video/mp4,5450731,https://danubeproperties.com/marketing-collateral/jewelz/videos/jewelz-studio.mp4,2026-04-29 11:28:14
16562,Jewelz,videos,jewelz-2bhk.mp4,video/mp4,13983939,https://danubeproperties.com/marketing-collateral/jewelz/videos/jewelz-2bhk.mp4,2026-04-29 11:28:55
16886,Wavez,brochures,wavez_brochure_190819.pdf,application/pdf,1866711,https://danubeproperties.com/marketing-collateral/wavez/brochures/wavez_brochure_190819.pdf,2026-04-01 09:52:05
16886,Wavez,floor-plans,wavez_floor_plan.pdf,application/pdf,89431,https://danubeproperties.com/marketing-collateral/wavez/floor-plans/wavez_floor_plan.pdf,2026-04-01 09:52:05
15389,ELEGANZ,brochures,eleganz_brochurefrom-innova-pdf_compressed.pdf,application/pdf,6756634,https://danubeproperties.com/marketing-collateral/eleganz/brochures/eleganz_brochurefrom-innova-pdf_compressed.pdf,2026-04-01 09:51:54
15389,ELEGANZ,factsheet,factsheet_eleganz-from-innova-pdf.pdf,application/pdf,1849595,https://danubeproperties.com/marketing-collateral/eleganz/factsheet/factsheet_eleganz-from-innova-pdf.pdf,2026-04-01 09:51:54
15389,ELEGANZ,floor-plans,eleganz_1bed_floor_plans.pdf,application/pdf,1438873,https://danubeproperties.com/marketing-collateral/eleganz/floor-plans/eleganz_1bed_floor_plans.pdf,2026-04-01 09:51:54
15389,ELEGANZ,floor-plans,eleganz_2bed_2bhkduplex_floor_plans.pdf,application/pdf,3056073,https://danubeproperties.com/marketing-collateral/eleganz/floor-plans/eleganz_2bed_2bhkduplex_floor_plans.pdf,2026-04-01 09:51:54
15389,ELEGANZ,floor-plans,eleganz_townhouses_floor_plans.pdf,application/pdf,2122376,https://danubeproperties.com/marketing-collateral/eleganz/floor-plans/eleganz_townhouses_floor_plans.pdf,2026-04-01 09:51:54
15389,ELEGANZ,videos,eleganz_showappartment.mp4,video/mp4,5577905,https://danubeproperties.com/marketing-collateral/eleganz/videos/eleganz_showappartment.mp4,2026-04-20 06:46:38
15389,ELEGANZ,videos,eleganz_walkthrough.mp4,video/mp4,15197991,https://danubeproperties.com/marketing-collateral/eleganz/videos/eleganz_walkthrough.mp4,2026-06-01 08:15:17
15389,ELEGANZ,videos,eleganz_1bhk.mp4,video/quicktime,49753250,https://danubeproperties.com/marketing-collateral/eleganz/videos/eleganz_1bhk.mp4,2026-06-02 06:51:59
16653,Olivz,brochures,olivz.pdf,application/pdf,4921309,https://danubeproperties.com/marketing-collateral/olivz/brochures/olivz.pdf,2026-04-01 09:51:22
16653,Olivz,floor-plans,olivz_floor_plan.pdf,application/pdf,144794,https://danubeproperties.com/marketing-collateral/olivz/floor-plans/olivz_floor_plan.pdf,2026-04-01 09:51:22
16384,Elz,brochures,broucher_1544634697.pdf,application/pdf,8341573,https://danubeproperties.com/marketing-collateral/elz/brochures/broucher_1544634697.pdf,2026-04-01 09:51:09
16384,Elz,floor-plans,1br_typ-1.jpg,image/jpeg,1102411,https://danubeproperties.com/marketing-collateral/elz/floor-plans/1br_typ-1.jpg,2026-04-01 09:51:09
16384,Elz,floor-plans,1br_typ-2.jpg,image/jpeg,1159859,https://danubeproperties.com/marketing-collateral/elz/floor-plans/1br_typ-2.jpg,2026-04-01 09:51:09
16384,Elz,floor-plans,2br_typ1.jpg,image/jpeg,1125366,https://danubeproperties.com/marketing-collateral/elz/floor-plans/2br_typ1.jpg,2026-04-01 09:51:09
16384,Elz,floor-plans,revised-ff.jpg,image/jpeg,1417081,https://danubeproperties.com/marketing-collateral/elz/floor-plans/revised-ff.jpg,2026-04-01 09:51:09
16384,Elz,floor-plans,st_typ1.jpg,image/jpeg,1170532,https://danubeproperties.com/marketing-collateral/elz/floor-plans/st_typ1.jpg,2026-04-01 09:51:09
16384,Elz,floor-plans,st_typ2.jpg,image/jpeg,982923,https://danubeproperties.com/marketing-collateral/elz/floor-plans/st_typ2.jpg,2026-04-01 09:51:09
16384,Elz,floor-plans,typical-revised.jpg,image/jpeg,941386,https://danubeproperties.com/marketing-collateral/elz/floor-plans/typical-revised.jpg,2026-04-01 09:51:09
16592,Lawnz,brochures,lawnz_brochure.pdf,application/pdf,6311654,https://danubeproperties.com/marketing-collateral/lawnz/brochures/lawnz_brochure.pdf,2026-04-01 09:50:55
16592,Lawnz,floor-plans,block-1-1-bed-1-key.jpg,image/jpeg,861570,https://danubeproperties.com/marketing-collateral/lawnz/floor-plans/block-1-1-bed-1-key.jpg,2026-04-01 09:50:55
16592,Lawnz,floor-plans,block-1-1-bed-2-key.jpg,image/jpeg,824514,https://danubeproperties.com/marketing-collateral/lawnz/floor-plans/block-1-1-bed-2-key.jpg,2026-04-01 09:50:55
16592,Lawnz,floor-plans,block-1-1-bed-3-key.jpg,image/jpeg,834937,https://danubeproperties.com/marketing-collateral/lawnz/floor-plans/block-1-1-bed-3-key.jpg,2026-04-01 09:50:55
16592,Lawnz,floor-plans,block-1-2-bed-1-key.jpg,image/jpeg,951407,https://danubeproperties.com/marketing-collateral/lawnz/floor-plans/block-1-2-bed-1-key.jpg,2026-04-01 09:50:55
16592,Lawnz,floor-plans,block-1-2-bed-2-key.jpg,image/jpeg,960028,https://danubeproperties.com/marketing-collateral/lawnz/floor-plans/block-1-2-bed-2-key.jpg,2026-04-01 09:50:55
16592,Lawnz,floor-plans,block-1-studio-key-rev.jpg,image/jpeg,742555,https://danubeproperties.com/marketing-collateral/lawnz/floor-plans/block-1-studio-key-rev.jpg,2026-04-01 09:50:55
16622,Miraclz,brochures,miraclz_brochure.pdf,application/pdf,7863119,https://danubeproperties.com/marketing-collateral/miraclz/brochures/miraclz_brochure.pdf,2026-04-01 09:50:43
16622,Miraclz,floor-plans,first-floor-studio-type-1.jpg,image/jpeg,346010,https://danubeproperties.com/marketing-collateral/miraclz/floor-plans/first-floor-studio-type-1.jpg,2026-04-01 09:50:43
16622,Miraclz,floor-plans,typical-floor-1-br.jpg,image/jpeg,333026,https://danubeproperties.com/marketing-collateral/miraclz/floor-plans/typical-floor-1-br.jpg,2026-04-01 09:50:43
16622,Miraclz,floor-plans,typical-floor-2-br.jpg,image/jpeg,373118,https://danubeproperties.com/marketing-collateral/miraclz/floor-plans/typical-floor-2-br.jpg,2026-04-01 09:50:43
16622,Miraclz,floor-plans,typical-floor-studio-type-1.jpg,image/jpeg,66216,https://danubeproperties.com/marketing-collateral/miraclz/floor-plans/typical-floor-studio-type-1.jpg,2026-04-01 09:50:43
16622,Miraclz,floor-plans,typical-floor-studio-type-2.jpg,image/jpeg,274772,https://danubeproperties.com/marketing-collateral/miraclz/floor-plans/typical-floor-studio-type-2.jpg,2026-04-01 09:50:43
16443,Glamz,floor-plans,1br-typical-floor.jpg,image/jpeg,478892,https://danubeproperties.com/marketing-collateral/glamz/floor-plans/1br-typical-floor.jpg,2026-04-01 09:49:56
16443,Glamz,floor-plans,2-bedroom-floor-plan.jpg,image/jpeg,978330,https://danubeproperties.com/marketing-collateral/glamz/floor-plans/2-bedroom-floor-plan.jpg,2026-04-01 09:49:56
16443,Glamz,floor-plans,first-floor_001.jpg,image/jpeg,342486,https://danubeproperties.com/marketing-collateral/glamz/floor-plans/first-floor_001.jpg,2026-04-01 09:49:56
16443,Glamz,floor-plans,first-floor_002.jpg,image/jpeg,109027,https://danubeproperties.com/marketing-collateral/glamz/floor-plans/first-floor_002.jpg,2026-04-01 09:49:56
16443,Glamz,floor-plans,first-floor_003.jpg,image/jpeg,670729,https://danubeproperties.com/marketing-collateral/glamz/floor-plans/first-floor_003.jpg,2026-04-01 09:49:56
16443,Glamz,floor-plans,typical-floor_001.jpg,image/jpeg,111104,https://danubeproperties.com/marketing-collateral/glamz/floor-plans/typical-floor_001.jpg,2026-04-01 09:49:56
16443,Glamz,floor-plans,typical-floor_002.jpg,image/jpeg,108001,https://danubeproperties.com/marketing-collateral/glamz/floor-plans/typical-floor_002.jpg,2026-04-01 09:49:56
16443,Glamz,videos,glamz-studio-unit.mp4,video/mp4,30884337,https://danubeproperties.com/marketing-collateral/glamz/videos/glamz-studio-unit.mp4,2026-05-06 14:43:35
16826,Starz,brochures,brochure FINAL.pdf,application/pdf,69919852,https://danubeproperties.com/marketing-collateral/starz/brochures/brochure%20FINAL.pdf,2026-04-01 09:49:40
16826,Starz,floor-plans,starz_floor_plan.pdf,application/pdf,572545,https://danubeproperties.com/marketing-collateral/starz/floor-plans/starz_floor_plan.pdf,2026-04-01 09:49:40
16826,Starz,walkthrough,starz.mp4,video/mp4,123047577,https://danubeproperties.com/marketing-collateral/starz/walkthrough/starz.mp4,2026-04-09 09:44:23
16532,Glitz 3,brochures,GL3 Arabic Brochure.pdf,application/pdf,5015387,https://danubeproperties.com/marketing-collateral/glitz-3/brochures/GL3%20Arabic%20Brochure.pdf,2026-04-01 09:49:08
16532,Glitz 3,brochures,Glitz 3 Brochure.pdf,application/pdf,5088546,https://danubeproperties.com/marketing-collateral/glitz-3/brochures/Glitz%203%20Brochure.pdf,2026-04-01 09:49:08
16532,Glitz 3,floor-plans,glitz3_floor_plan.pdf,application/pdf,1488790,https://danubeproperties.com/marketing-collateral/glitz-3/floor-plans/glitz3_floor_plan.pdf,2026-04-01 09:49:08
16503,Glitz 2,floor-plans,glitz2_floor_plan.pdf,application/pdf,3461219,https://danubeproperties.com/marketing-collateral/glitz-2/floor-plans/glitz2_floor_plan.pdf,2026-04-01 09:48:57
16503,Glitz 2,videos,glitz-2-studio.mp4,video/mp4,11112057,https://danubeproperties.com/marketing-collateral/glitz-2/videos/glitz-2-studio.mp4,2026-05-06 14:44:59
16473,Glitz 1,floor-plans,glitz1_floor_plan.pdf,application/pdf,2667849,https://danubeproperties.com/marketing-collateral/glitz-1/floor-plans/glitz1_floor_plan.pdf,2026-04-01 09:48:42
15973,Dreamz,brochures,dreamz-brochure.pdf,application/pdf,8828393,https://danubeproperties.com/marketing-collateral/dreamz/brochures/dreamz-brochure.pdf,2026-04-01 09:48:28
15973,Dreamz,floor-plans,dreamz_floor_plan.pdf,application/pdf,602741,https://danubeproperties.com/marketing-collateral/dreamz/floor-plans/dreamz_floor_plan.pdf,2026-04-01 09:48:28
15973,Dreamz,videos,show_appartment.mp4,video/mp4,25370629,https://danubeproperties.com/marketing-collateral/dreamz/videos/show_appartment.mp4,2026-04-21 06:26:10
